Remove	STRING	LEN	FREQ	Orth	Orth_F	N1_F	N1_C	N2_F	N2_C	N3_F	N3_C	UN1_F	UN1_C	UN2_F	UN2_C	UN3_F	UN3_C
0	aboup	5	NA	1	2322.72	5201.41	169	2080.75	14.25	1729.34	2.67	193538.21	24099.4	15560.38	1734.75	2259.4	122.67
0	acree	5	NA	3	29.21	11004.79	435	494.62	27.75	253.56	3.33	356778.38	46163.8	22725.67	3119.75	1555.02	227.67
0	acuth	5	NA	1	16.6	6155.62	217.8	624.08	20.25	188.26	2.67	250643.47	26722.4	40270.16	1782	496.74	97.67
0	aftel	5	NA	1	1185.51	7606.6	315.8	1697.31	31.75	991.21	2	312025.75	36158.8	14176.94	2779.5	1834.68	156
0	aften	5	NA	2	827.45	7903.4	315	2091.48	30	1116.02	1.67	335361.49	38067.2	21080.87	3585	2319.62	270
0	aftes	5	NA	2	592.75	9525.44	585.2	2452.9	103.5	1032.1	9	330763.22	40463.2	18953.23	5025	1785.02	412.33
0	agaim	5	NA	1	766.8	5556.96	215.4	768.81	12.5	536.8	2	251143.85	32719	8876.57	1352.5	1120.92	49.67
0	agair	5	NA	1	766.8	7789.99	255	1516.89	13.75	550.72	2.67	279180.01	37641.6	8786.29	1319.25	1528.47	120.33
0	agend	5	NA	2	22.96	9299.68	252.6	731.24	17	67.96	3	288042.2	36424.4	27397.77	3027.25	2486.84	437.67
1	aheat	5	NA	3	45.65	12068.28	271.8	2989.82	27.5	343.93	5.33	384347.93	39571.8	46913.36	3261	2091.71	253.67
1	ahere	5	NA	2	2133.32	14524.83	318.4	4689.04	30.25	2878.67	2.33	382391.4	44117.4	59991.2	5289	9936.12	496.67
1	aimen	5	NA	2	9.85	8923.78	404	1021.31	28	306.67	5.67	319585.97	41476.6	24021.81	2956.75	3212.43	457.67
0	aimit	5	NA	2	44.86	7735.63	284	250.39	18.5	54.46	2.67	297507.98	38326.2	17988.37	2205.5	639.43	154.33
1	alace	5	NA	5	112.56	10467.57	360	1648.74	46.5	579.5	5.33	314305.11	39843.4	19330.92	3308.75	1440.08	238
1	albow	5	NA	2	52.44	3217.06	169.4	306.31	13.5	12.43	1	206713.84	24015.2	13168.39	1868.5	78.83	36
0	alide	5	NA	8	20.78	10107.07	336	459.8	30.75	98.98	7	308988.96	40855.4	20874.4	3842	2246.35	509
0	alips	5	NA	5	2.57	8685.79	531.8	450.35	45.75	70.96	8	239909.79	37343.6	13838.95	2843.75	847.83	395
1	aloff	5	NA	2	3.63	5013.36	211.8	655.89	31	180.84	2.67	212922.87	24055.4	20519.8	2104.25	868.22	72
0	alons	5	NA	4	128.62	9666.73	558.8	1169.17	57.75	362.23	7	285078.16	38860.6	25886.69	4450	2806.93	626.33
0	aloon	5	NA	1	4.05	6446.92	263.2	869	43.5	302.24	5.33	296958	35349	25524.81	3947.75	1199.73	147.67
0	alose	5	NA	3	147.03	10333.56	339.4	2028.63	47.5	721.89	6.67	331991.76	43777.4	20296.82	3105.75	1605	172.33
0	aloto	5	NA	0	0	5982.45	278.4	690.95	37.75	201.48	4.67	318052.04	35215.4	24754.4	2788.25	542.38	127
0	amoke	5	NA	2	32.51	8379.84	285.2	410.05	16.25	208.98	4	272009.6	31698.4	8580.91	1240.5	680.72	90
0	amone	5	NA	3	171.4	10069.35	309.4	715.15	25	336.43	5	323125.97	38461	22517.96	3566.5	3118.93	339.67
0	amony	5	NA	2	155.16	7215.24	303.6	618.4	25.25	210.29	3.67	234818.43	27579.4	17741.24	2538.75	889.28	177
0	angro	5	NA	2	34.03	4937.02	162.6	109.36	7.75	80.77	2.67	263707.58	34027.4	32046.93	4626.75	1319.83	240.33
0	apach	5	NA	1	0.71	7120.52	245.6	1616.15	35.5	161.5	4	240696.12	27003.8	11701.6	2100.25	1046.24	145.67
0	apard	5	NA	2	60.5	8636.4	298	964.78	30.5	237.69	5	250289.94	32106.8	13453.56	2296.75	2407.32	380
1	aread	5	NA	5	66.8	9664.55	318.6	1149.53	37.75	491.25	8.33	338831.92	41556.2	32885.84	4099	5863.88	440.67
1	areed	5	NA	7	10.36	12348.71	455.8	1529.95	93	225.02	9.67	366733.09	45874.4	36452.65	5195.25	3954.82	268
0	arger	5	NA	2	28.08	9967.84	391	2006.97	61.5	59.22	5	294575.97	40153.6	28330.34	4578.75	1416.34	225
0	argun	5	NA	3	13.19	5835.78	207	149.27	11.25	48.11	2.33	222663.38	31061.2	12769.21	2123.75	542.77	65
1	armen	5	NA	2	18.74	8553.7	383.2	985.56	26.5	199.82	2.33	307080.76	39670.4	27283.24	3649.5	2678.6	483.67
0	arown	5	NA	5	35.96	6760.63	256	900.75	39.5	280.57	8	265368.87	31676.6	18029.74	2437.75	1763.47	170
1	asken	5	NA	4	120.65	7038.49	291.2	1166.55	28	440.78	3	296929.58	40038.8	22496.52	2641	781.42	85.67
1	askes	5	NA	4	123.06	8660.54	561.4	1527.97	101.5	447.01	10	292331.31	42434.8	20368.88	4081	710.8	93
0	auddy	5	NA	3	6.23	4303.19	292.6	137.26	19.75	24.53	5.67	182451.88	22358.8	2376.74	513	184.98	57
0	awans	5	NA	1	2.74	8926.04	538.8	566.18	46.5	176.91	8.33	281265.12	35693	24665.81	2692.5	1272.71	258.33
1	awart	5	NA	4	56.41	8443.87	281.4	990.17	31.25	253.9	5.67	298193.79	33257.2	16378.94	1962	2238.61	255
1	basts	5	NA	12	10.37	7234.4	645.2	652.07	88	207.61	16.33	273545.18	38487.8	20309.49	3296.25	1596.27	441
1	beate	5	NA	1	7.97	10375.8	466.2	2059.34	60	272.22	11.67	376568.93	43529.4	31313.77	4777.25	3978.22	998
0	beath	5	NA	5	64.15	7741.96	393.6	2051.29	60.25	238.15	9.33	321252.56	33314	54590.35	3388.25	2144.42	293.67
1	begal	5	NA	5	88.47	5753.72	290.2	1068.8	36.25	357.55	5.67	244684.59	32398.4	15117.66	2055	641.65	108.33
0	begue	5	NA	2	32.6	8442.25	330	723.33	26.25	232.8	5.67	262158.86	34543.2	7550.67	895	545.57	73.33
0	beigh	5	NA	3	3.95	7616.11	333	736.83	27.5	299.07	3.67	244346.7	30309.6	11387.88	1048	2275.42	216.33
0	beigs	5	NA	3	1.01	9123.51	604.2	740.24	37	294.43	4.33	248151.19	38004.2	9364.95	988.5	539.04	57
0	beink	5	NA	3	286.93	8574.04	355	2117.41	50.25	886.92	5.33	242174.05	33285	27347.83	3856.25	1222.26	109
0	beins	5	NA	4	220.79	10857.34	636.2	2020.31	65	617.79	8.67	288692.14	42443.6	29726.19	4625	1597.6	225.67
1	beize	5	NA	3	5	10006.14	378.6	708.81	25.5	301.57	2.33	283437.25	37610	7596.02	1087	699.6	271.67
0	bires	5	NA	14	7.41	11077.14	748.4	1680.3	117.5	126.12	16.33	279928.48	42537.4	26907.55	5384.5	2855.71	553.33
1	birst	5	NA	2	623.57	8455.78	356.2	1430.1	32.75	881.76	3.67	254108.94	37487	15186.59	3136.75	1172.38	91.33
0	blace	5	NA	9	105.47	9897.46	386	1631.47	50	717.58	8	251209.75	33585.6	13480.95	2560.75	1534.56	238.67
1	blair	5	NA	1	3.15	8029.82	338.4	1783.41	40.5	230.79	6.67	233289.84	33914.8	11472.49	2063.75	971.24	195.67
0	blief	5	NA	1	47	8911.68	417.4	510.74	33.25	91.44	5	231577.89	31934.6	10825.68	2812.25	1029.86	219.67
0	blike	5	NA	2	12.55	9358.88	368	399.73	29.5	31.97	3.33	218838.3	31376.6	10316.67	2109.75	2019.98	127
0	blong	5	NA	2	154.09	7073.94	288.2	1980.56	48	521.22	7.33	186040.12	25767.4	26114.48	4797.5	1789.15	196.33
0	blont	5	NA	4	5.09	8666.66	339.2	1341.22	49	345.51	6	247675.12	30073.2	24320.07	3968.25	1737.63	234.33
0	blony	5	NA	2	6.87	7368.94	380.4	1018.11	47.25	270.26	8.33	185187.13	24242	18009.29	2844.75	994.08	129
0	blort	5	NA	1	0.24	8614.44	327.4	992.95	42	174.51	6	238911.47	30167	17151.23	2519.5	1523.83	271.67
0	blubs	5	NA	5	7.54	6990.28	505	325.04	34.5	29.63	5.33	136855.65	23977.4	3588.81	988.25	219.05	81.33
0	bluse	5	NA	2	2.2	9546.45	335.8	1516.1	46.25	263.55	8	227852.19	34553.4	13745.85	2252.5	1546.83	227.33
0	boade	5	NA	1	11.9	11634.53	469	475.45	38.5	125.85	5.33	291781.76	34089	11649.59	1996.75	1008.56	204
0	bords	5	NA	8	45.23	9766.93	637.8	1279.96	63	259.53	9.33	212493.81	31063.4	13811.45	1894.75	1196.84	202.67
0	brait	5	NA	4	18.73	8638.04	367.2	942.22	53.75	122.85	10	277719.64	35689.6	18072.51	2788.25	859.43	212.33
0	breps	5	NA	4	0.16	8617.97	557	862.9	54.75	107.13	6.33	234558.55	36104.8	17060.26	2478.75	755.9	211.33
0	brial	5	NA	3	19.24	7558.04	330	955.22	50.75	136.65	6.67	233289.84	33914.8	15267.64	3252.5	1743.2	353.67
1	bries	5	NA	10	9.61	12161.04	736.6	1699.1	128.25	265.83	14.67	279928.48	42537.4	17757.15	5426.25	2610.24	920
1	brime	5	NA	7	19.04	9823.11	376.6	723.57	45.25	176.14	9.33	247726.95	35312.6	15549.71	2632	1679.38	215.33
0	brong	5	NA	4	95.35	7581.23	308.2	2072.76	54.5	499.9	9.33	200612.21	27769.6	27347.03	4854	1629.94	263.67
0	bruid	5	NA	3	0.79	8361.04	322.4	438.95	31.75	34.39	3.33	179789.44	27601.2	5560.24	1071	178.93	56.33
1	bunce	5	NA	3	7.44	7982.78	369.2	926.73	38.75	255.46	7.67	221770.42	30813.6	12495.92	2009.5	2613.91	417.67
1	caken	5	NA	5	72.15	8496.58	476.6	1271.24	48	377.5	10	267512.07	34390.6	18900.55	2857.75	1278.12	145.33
0	calps	5	NA	5	14.34	6762.9	636.2	483.6	58	46.13	3.67	202152.44	32191.4	12382.69	2269.25	1174.74	328
0	calue	5	NA	2	56.58	8386.49	428.2	447.19	38	93.28	3	261530.04	35163	13352.03	2495	1397.01	359.67
0	carcy	5	NA	1	98.76	7522.69	455.2	754.58	48	87.3	6	187541.45	27113.2	13042.78	2293.5	818.05	209.67
0	carke	5	NA	1	2.38	9125.42	463.8	805.01	55.5	75.71	8.33	258748.41	34484.4	15570.7	2518.75	1149.06	227.33
1	cauld	5	NA	2	953.2	10206.81	422.8	3067.33	33.75	1666.85	4	190555.37	26704.6	10699.27	1644.25	2575.36	61
0	caung	5	NA	1	10.11	8077.45	363.4	1726.7	46.5	216.53	6	197411.24	27715.2	17225.24	3674.75	901.81	101
0	chaky	5	NA	3	1.61	9028.51	374	570.63	47.5	89.08	9	170801.76	18210.4	15304.24	1315.25	919.34	179.33
0	chall	5	NA	3	81.92	11010.97	330	1249.84	47.25	411.29	8.67	216640.58	27121	27271.45	3151	4593.93	660
1	cheir	5	NA	4	768.54	11974.18	287.8	4050.49	28.75	2032.49	4	286191.14	37249.8	37865.95	1850	2832.01	271.67
1	chere	5	NA	3	1423.24	14227.73	350.6	4948.06	46.25	2912.15	5.33	329363.18	40266.6	64450.51	5933.75	10714.96	741.67
1	chery	5	NA	1	0.36	11373.61	344.8	4111.68	46.25	1675.83	7	241055.65	29385	52089.21	4347.75	7479.39	539.67
1	chese	5	NA	5	265.58	13820.33	341.6	4027.45	47.75	905.76	5.33	333528.56	42568.8	49813.22	5209	2399.3	478.33
0	chice	5	NA	6	1.58	13846.83	356.2	3538.15	45.5	1503.38	9.33	260939.01	33903.8	20925.45	2697.5	2977.28	332.67
0	chich	5	NA	2	1666.3	11212.99	283.6	4063.93	53.75	2459.75	7.33	205622.64	23688.4	20881.84	2769	3309.34	255.67
1	chily	5	NA	4	113.59	11914.94	374.2	2871.54	59.25	610.08	8.67	183311.51	24366	19753.19	2684	1941.51	326
1	ching	5	NA	6	88.09	11135.83	285.2	4128.6	60.25	1593.3	17.67	207500.25	27799.8	40934.83	6393.5	12819.97	2715.67
0	chird	5	NA	5	127.28	12728.87	336	2217.78	42.75	366.85	9.33	215216.47	28791.4	16012.67	1776.75	1156.22	248
0	chite	5	NA	8	49.17	13389.77	391	2726.36	48.5	696.9	9.67	316048.85	37022.4	29847.74	3941.25	2032.39	358.67
0	cives	5	NA	12	22.59	10354.06	696	1873.26	112.75	437.37	16.33	249642.02	38199.6	19896.25	4463.25	2459.11	445
1	clast	5	NA	5	55.26	8592.57	351.4	1577.24	54.75	394.5	11.33	264874.86	36590.4	21243.63	3411.25	1897.74	396
0	cleed	5	NA	2	4.34	11544.31	468	1424.87	93.75	212.71	8.33	299132.78	40021.4	21714.5	3794.25	1242.94	182.67
0	cleps	5	NA	5	2.58	8383.67	543.2	618.04	48.25	169.32	5.67	230053.61	36509.6	9569.93	2038.5	604.21	108
0	clice	5	NA	5	6.98	10883.27	371.4	1958.62	39.75	193.77	7	246006.03	37294	15162.8	2981.5	1626.12	265
0	clong	5	NA	5	62.79	7346.94	294.4	2065.47	49.25	553.03	8	196107.27	28174.4	25289.03	4549.25	1935.34	212.33
1	coade	5	NA	0	0	11907.54	475.2	1007.6	45.5	119.03	5.33	301848.91	36496	15084.13	2668.5	1001.1	186
0	coman	5	NA	4	96.93	7875.52	344.4	1493.05	41.25	428.03	7	242196.58	30292	30162.12	3573	3699.1	517
1	coney	5	NA	5	82.06	10726.46	586.4	1182.46	58.75	306.61	8.33	265503.62	33474.2	24581.48	3887.25	4611.1	675.67
1	costy	5	NA	1	91.44	7642.58	434.6	1068.24	55	92.17	5.33	235085.8	30819.8	17448.18	3307	1124.09	166
0	coubt	5	NA	3	119.84	9643.7	351.8	2848.5	42.5	813.09	3.33	203232.42	24647.6	16361.83	1997.5	1780.14	137
0	cound	5	NA	10	309.9	11585.56	413.6	3592.62	57.75	1638.13	9.67	202160.24	26898.8	30459.17	3133.75	4725.97	491
1	couse	5	NA	11	64.02	12629.83	428.2	4038.7	63.5	1158.11	9.67	268536.64	37753.2	26699.73	3342.5	4170.15	672
1	coved	5	NA	15	25.42	11909.63	507.4	2212.6	108.25	362.67	12.67	233719.22	29246.4	24076.97	3791.75	2444.04	283.33
0	creue	5	NA	1	1.55	10514.56	355.2	703.34	34.5	36.57	4.67	304003.3	41483.4	16512.12	2388	551.58	113.33
0	crong	5	NA	4	49.91	7854.24	314.4	2000.46	56.5	484.49	10.67	210679.37	30176.6	27481.75	4959.25	1565.08	287.33
0	crove	5	NA	8	18	9244.83	360.2	958.2	51	237.65	9.33	249016.64	32881.8	15311.55	2203.5	2302.83	358
0	daing	5	NA	2	156.88	8281.37	370.8	2368.35	52.25	1015.96	11.67	244870.16	33407.6	33471.97	5814.75	11807.19	2534
0	deard	5	NA	4	77.13	9149.47	389.2	1909.15	57.75	781.44	12	295758.42	37416	21252.33	3202.25	3513.38	396.33
0	deast	5	NA	6	69.92	8689.55	368.6	1895.6	58	391.98	8	345078.92	43126.2	28132.1	4033	2651.33	360
0	delow	5	NA	1	132.07	3361.2	261.6	361.85	31.75	128.21	4	254636.88	30451	16268.55	2651.25	1143.89	192
0	delse	5	NA	2	7.05	8385.45	368.4	1292.82	42.5	36.53	3	328550.3	45669.6	17586.89	2893.75	576.6	134.67
1	derms	5	NA	5	32.57	7105.37	569.6	491.98	44.5	161.34	5.33	259408.98	37926.2	23357.91	4179.75	1859.76	455.33
0	detan	5	NA	0	0	5661.96	286	557.49	29.25	20.82	2	349677.2	40730.2	28540.3	3861.75	1162.21	249.33
0	dever	5	NA	7	135.98	9042.76	418	2962.07	79.75	829.59	9.67	298603.4	38624.8	31009.85	4735.25	5904.64	491.67
0	dizza	5	NA	2	3.63	2495.85	186.6	40.29	15	5.14	2	171877.58	23138.2	3663.52	1274.5	25.15	54.33
0	doins	5	NA	5	59.1	12166.91	655	1931.27	62	602.3	9.33	269081.96	38528.8	25722.48	4531	1662.55	257.67
1	doozy	5	NA	2	0.36	7636.27	385.6	376.47	35.75	21.75	2.33	179059.53	19798	4644.29	673.75	169.99	32.67
0	dould	5	NA	3	1610.21	11231.25	382.2	5055.13	37.25	3279.7	4.33	188779.21	24701	18083.05	1658.25	4143.57	65.67
0	doung	5	NA	2	358.83	9101.89	322.8	3714.51	50	778.64	7.67	195635.08	25711.6	24609.02	3688.75	2127.94	235.67
0	dravy	5	NA	1	3.93	5664.82	353	647.82	43.25	122.83	7	182394.69	23425	7166.38	1628.75	401.85	111.33
0	dreat	5	NA	5	149.48	8476.49	311	1391.62	43.5	676.06	9	340913.54	40824	32910.65	4478.75	4025.02	394.67
0	dribi	5	NA	0	0	5141.28	239.8	606.84	35.25	105.2	4.33	217293.64	33583	7288.71	1942.25	545.07	131.33
0	droat	5	NA	1	0.06	7656.17	325.8	856.4	40	53.9	5.67	301281.5	34791.6	18184.35	3082	528.06	151.33
0	drout	5	NA	1	33.2	7299.42	294.8	1958.98	43	957.89	7.33	248506.43	30111.2	20949.35	2269.25	3864.47	351
0	dusit	5	NA	0	0	5193.74	274.6	279.54	27.25	84.7	2.33	249131.81	35429	18332.4	2372.25	1159.49	164
0	dyina	5	NA	1	42.89	5672.36	234.4	1213.07	26.5	79.09	2	244017.17	31882.2	22693.98	3909.25	1032.7	292
1	eagur	5	NA	1	24.75	6176.89	278.2	252.55	16	19.28	1.67	269576.98	35978	12821.49	1778	188.43	50.33
1	earry	5	NA	6	82.68	7015.44	415	1083.56	45	365.29	9.33	293722.98	38628.2	17501.22	2332	2758.02	290
1	eatch	5	NA	8	34.22	6248.24	295.4	1702.41	42.25	230.06	11	331319.72	35721	22501.72	3309.75	1846.42	309.33
0	elife	5	NA	2	11.78	8516.93	295.2	164.32	19.5	26.47	1.33	322574.43	42510.6	12918.96	2399	1310.92	205
0	evere	5	NA	1	546.44	9521.61	254.4	2724.35	24.5	1810.74	3.33	369578.07	47083.2	40109.19	5475	9892.87	720.33
0	exill	5	NA	1	10.05	6913.5	211.8	1200.25	25.5	360.98	5.33	234799.46	34409.4	10570.51	1696.25	1894.17	222.33
1	exise	5	NA	2	36.32	9015.07	265	1226.18	30.25	90.83	3.33	323786.27	45539	17103.11	2343	773.94	158.33
0	extry	5	NA	2	55.86	4512.79	221.6	442.52	16.75	64.17	1.33	248665.85	30321.6	6810.82	1207	908.67	106.67
0	facks	5	NA	12	15.19	6285.23	583.4	534.56	63.5	136.64	19	177623.41	25665.2	6787.65	1372.25	1693.66	339.33
0	fadge	5	NA	4	2.07	7608.72	379	450.15	36.5	52.1	7	249665.42	30219.8	8704.08	1167.75	287.25	78.67
1	fallo	5	NA	1	27.9	5943.08	351.6	513.81	47.5	114.56	6.67	227963.91	28351.6	17886.71	2786.5	3911.15	548.33
0	falps	5	NA	1	27.9	6441.8	610	445.93	51.5	53.74	2.33	197791.45	29239	9934.23	1612.25	159.86	48.33
1	fange	5	NA	3	33.61	7930.99	420.6	660.03	56.5	95.33	9	273726.49	33761.4	29693.18	4099.75	1649.58	310
0	fanks	5	NA	9	9.41	6848.88	627	667.45	71.25	87.45	12.33	211639.2	28917.4	18607.65	1901.5	414.09	117.33
0	fause	5	NA	3	66.89	10445.87	414.4	1485.82	42.25	315.19	6	275906.52	36515	13420.94	1903	1944.58	186
0	fible	5	NA	3	11.82	9444.2	340.6	1020.37	26.75	99.47	3.33	231577.89	31934.6	11377.91	2371	1878.33	396.67
0	fiece	5	NA	2	59.11	11434.54	365.2	1184.35	28.5	124.3	2.67	311894.38	41166.8	12484.26	2383.25	630.39	173.33
0	fiews	5	NA	2	23.92	8954.87	538.2	673.1	26.75	83.73	5.33	255518.64	35108	6067.67	1457	456.21	131.67
0	fince	5	NA	5	108.31	9156.56	367.8	1545.62	50.75	442.82	9.33	264980.78	36250	29271.03	4728.25	3637.55	510.67
1	firee	5	NA	2	22.55	12155.49	529.8	1366.82	42	709.93	8.33	337146.52	44512.8	22991.6	2864.5	2056.96	243
1	firld	5	NA	2	78.29	9403.93	365.4	2790.37	25.25	728.29	2.33	195922.5	29229.2	8438.17	930	1034.5	73.33
0	firls	5	NA	5	42.57	9781.36	599.4	1471.89	50.75	539.9	4	215385.3	35166.8	6572.62	1073.25	836.19	75.33
0	firse	5	NA	1	1210.08	9964.08	383.2	2371.96	43	913.71	6	285634.64	41992	15081.01	2415	1691.18	163.67
0	firty	5	NA	4	41.35	6674.4	406	1422.5	41.25	617.95	5	223019.43	28580.8	8780.58	1322.25	985.7	88
0	flory	5	NA	2	24.18	7268.63	348.6	1028.57	50	175.86	6	182129.64	23790.4	15230.79	2071.25	692.12	144
0	flump	5	NA	5	4.82	4417.23	208	216.9	35.75	40.46	9	112814.84	17333.8	3733.17	1130	339.19	154
0	focky	5	NA	2	5.65	6420.41	366.6	429.46	39.75	60.09	7.33	129096.87	15590.2	6497.96	980.5	378.22	148.33
0	forst	5	NA	2	635.44	10340.69	381.6	1784.59	45.75	643.14	9	263355.09	33926	24945.83	3789.5	5314.29	363
0	foubt	5	NA	2	75.7	9322.6	325.6	2412.49	29.25	265.83	2	198871.43	21695.2	14854.67	1225.5	634.13	51.67
1	fould	5	NA	5	1064.33	11748.57	384.2	5146.53	35.25	3391.09	4.67	174463.51	22038	20022.44	1654.75	4363.08	64.33
0	frece	5	NA	0	0	11064.46	344.4	1225.63	35.25	78.93	4	299389.17	39360.6	23854.3	3077	1352.31	290
0	froke	5	NA	2	37.33	8992.75	362	815.26	39.25	211.2	5.67	242656.55	29817.8	10872	1519.25	2069.85	103
1	frong	5	NA	4	115.45	7533.14	288.2	1986.05	49	525.84	8.67	206318.37	27224.2	28137.53	4770.25	2872.29	243.33
0	gamen	5	NA	2	32.07	8149.26	460.2	1006.04	41	267.16	8.33	275303.47	35137.2	21276.02	2885	3289.75	484.33
1	gazen	5	NA	3	5.71	7688.2	436.8	631.2	31.75	35.5	7	255336.51	32611.6	12941.22	2100.75	140.84	38.67
0	geess	5	NA	2	32.66	10118.17	567	883.6	28	107.86	3.33	330807.9	49076.2	18897.47	4695.25	2170.22	834
1	giper	5	NA	5	0.89	8885.58	412.6	2137.81	68.25	94.73	7.33	246440.38	36828.6	21636.59	3965	1633.45	387.33
0	givil	5	NA	1	66.04	5507.42	248.2	621.06	19.75	202.59	3.67	181207.36	29691.2	8445.79	1563	1008.9	115.67
0	glame	5	NA	6	10.82	8328.45	349.8	651.83	39.5	101.59	5.33	251967.72	33228.8	12909.97	2187.75	1341.28	188.33
0	glose	5	NA	5	46.8	9488.89	337.8	1866.66	46.25	560.56	7	272438.39	38739.4	12984.67	2103.75	1430.62	173.33
0	goich	5	NA	0	0	10512.25	351.2	2748.28	38.5	1428.56	1.33	214781.81	26684.2	11241.62	1910.75	1601.98	38
0	goink	5	NA	1	709.45	10174.46	368.2	2081.38	43.5	1017.52	5.67	206084	28472.4	22838.51	3671	1437.44	144.67
0	gooks	5	NA	9	37.74	9942.93	619.2	817.36	63.5	211.34	6.67	205025.72	27852.8	5443.13	815.25	1381.74	100.67
0	goore	5	NA	1	6.25	12706.67	433	1769.78	47.75	83.69	7	298890.31	37230	27801.14	3393.25	2258.96	186.67
0	grack	5	NA	4	21.7	6720.46	295.8	1369.3	60.5	288.38	14.33	171293.87	25128.2	10519.02	2629	2008.14	537.33
0	gream	5	NA	5	149.33	6433.39	257	1449.18	42.75	705.52	9	266539.81	35231	24154.13	3162.75	3239.42	354
1	greas	5	NA	3	259.82	9197.32	551	1488.03	51.25	753.12	8.67	298741.35	42455.8	30230.58	3431.25	4173.5	412.67
1	grese	5	NA	2	2.65	10816.51	343	2385.75	49.75	802.4	5.67	326642.52	46774	31842.41	5922.5	3744.55	590
0	gress	5	NA	8	49.63	9690.07	541.6	1550.65	38.75	496.8	7.33	275130.65	44253.2	27730.3	5918	4921.08	1298
1	grong	5	NA	2	99.14	7306.68	280.6	2267.25	54.5	572.34	10	204154.21	28989.4	27763.3	4915.25	1789.18	261
0	gront	5	NA	4	73	8899.39	331.6	1627.92	55.5	396.64	8.67	265789.2	33295.2	25968.9	4086	1737.66	299
1	grout	5	NA	3	113.19	7590.28	289.2	2174.49	45	1071.33	8.67	232026.56	29213.4	21440.57	2409.75	4199.35	358.33
0	gueds	5	NA	1	60.27	7786.46	534.4	573.69	38.75	102.66	4.67	230668.85	34140	12540.09	2409	395.65	74.67
0	guesh	5	NA	2	42.86	7330.87	272.6	628.78	23.5	102.33	2.33	246327.16	32383	13962.04	3878	594.09	134
1	heall	5	NA	1	1.31	8321.5	350.4	1918.39	49.75	509.71	8.33	297569.97	35290	48675.12	3389.75	5005.9	628.67
0	heant	5	NA	3	101.45	9326.27	377.4	1846.16	59.25	472.73	9.33	365335.51	38973.2	58904.13	3985.25	2717.77	519.33
0	heast	5	NA	5	109.68	8866.67	356.6	1993.07	55.75	528.16	9.67	360737.23	41369.2	52078.99	3690.5	3056.42	453.33
0	helow	5	NA	2	66.04	3538.32	249.6	459.31	29.5	139.07	4.33	270295.19	28694	40215.43	2308.75	1375.33	173.67
0	helph	5	NA	1	32.48	4582.07	271.6	351.02	25	48.17	3.33	251862.14	26768.6	34147.47	1717.75	645.2	68
1	hense	5	NA	6	55.68	8852.89	364.6	1484.52	42.25	214.09	4	367544.35	45821	50431.65	4000.25	2504.33	287.67
0	homen	5	NA	6	94.98	9898.38	441.4	1519.62	40.5	443.04	7	295710.78	32563.8	27796.43	3169.25	4740.92	518
1	hoper	5	NA	5	19.72	10704.85	451.6	2319.69	79.75	151.94	10.67	282118.56	32953.8	26836.18	4266	2470.16	463.67
1	hoten	5	NA	1	125.59	10398.23	452	1821.1	47.75	304.09	5.67	353604.64	37259	28585.27	4281.25	1710.54	315.67
1	hoter	5	NA	4	32.91	11489.38	467.8	3114.41	84.5	890.15	11.67	344840.98	37352.8	33725.22	5518	3897.07	831.33
0	hoths	5	NA	2	1.37	8832.97	543.6	461.43	29.25	54.91	4.67	293690	29439.6	40786.67	1439.75	1996.81	161
1	hould	5	NA	4	1208.27	11408.37	370.2	5220.79	38	3487.75	4.67	204437.52	22944	21285.26	1893.75	5735.82	122.33
0	houng	5	NA	2	224.62	9279.02	310.8	3880.16	50.75	986.69	8	211293.39	23954.6	27811.23	3924.25	3720.18	292.33
0	houth	5	NA	4	100.23	8899.12	344	2990.32	45.5	588.5	6.67	264525.62	22961.8	51311.75	2183.5	4387.89	285.67
0	icids	5	NA	1	6.19	6609.06	453.4	457.13	30.5	10.01	3.67	231526.17	38292.2	10119.72	1919.25	652.73	195.33
0	ideak	5	NA	2	85.85	4883.58	164.8	679.73	19	200.27	4.33	281208.34	36001.2	15490.64	2206.5	2185.92	260.67
1	ideat	5	NA	2	85.85	6736.92	200.4	805.9	20.75	362.77	4	353418.75	42630.2	25702.22	3914.25	3119.4	321.67
1	irone	5	NA	6	4.32	9820.41	347	1002.13	42	307.3	9	335891.26	44685	25728.05	4027.75	2827.77	318
0	itage	5	NA	2	105.96	7733.38	282.8	566.85	23.25	129.58	3	336938.88	41732.4	18030.19	2493.5	1677.26	352.33
0	jeart	5	NA	1	149.98	8685.02	342.6	1889.33	50.75	713.67	9.33	308727.35	36801.4	17396.51	2328.25	3356.09	317.67
0	kense	5	NA	4	75.48	8351.91	342.4	1288.48	36	205.43	3.67	324830.75	44357	23917.06	3659.5	1167.78	282
0	khash	5	NA	0	0	9316.42	248.2	588.86	35	39.66	6.67	233210.45	24524.8	21180.69	1715.25	1010.76	133.33
0	kince	5	NA	3	172.57	8315.38	331.6	1101.91	44.5	411.87	8	252241.2	35692	28282.69	4617	4115.47	618.67
1	kneet	5	NA	4	17.7	9848.19	357	500.29	28.75	79.88	5.67	350523.08	41827.4	13790.82	2111.5	1006.72	90.67
1	lacts	5	NA	5	16.19	6919.97	609.2	621.92	72	46.88	3.33	264874.86	36590.4	11890.41	2531	1852.03	260.67
0	lanny	5	NA	5	8.95	6651.11	440.6	600.25	50	79.94	9.67	241000.94	31615.4	21206.29	2513.25	1073.78	255
0	laree	5	NA	1	369.33	12066.03	581.4	1196.47	61.75	380.6	10.67	367458.42	47507.6	30045.51	4259.25	3961.54	314
1	larry	5	NA	6	29.68	7427.91	438	1197.47	55	326.02	9.67	223473.63	31803	14761.36	2535.5	1351.97	244
0	larth	5	NA	2	81.62	6805.22	390.8	1471.21	56.75	513.26	8.67	286322.51	32241.8	46006.54	2975.5	2325.45	333.33
0	larts	5	NA	11	11.07	8312.62	662	1306.8	94.75	393.19	10.33	290127	39936.4	16779.56	3119	2127.44	315.67
0	larty	5	NA	3	124.92	6584.94	457.6	1252.16	61	495.85	7	253331.34	31575.6	15834.49	2717	2171.35	278
1	lated	5	NA	16	30.72	9960.58	508.4	2172.88	107.5	579.66	17	326341.45	38821.8	33235.37	6426	5506.19	1595
0	lauld	5	NA	0	0	9726.12	390.4	3150.2	29.75	1642.2	4	201235.41	28048.4	10382.53	1692.5	2154.47	69.67
1	leace	5	NA	4	84.75	10625.17	405.2	2196.25	52.75	639.23	10	342206.29	44161.6	21023.13	3251.25	2393.39	234.67
1	leady	5	NA	6	28.97	6697.74	396.2	1477.69	49.5	396.32	9.33	263853.46	32990.6	17492.13	2516.75	2389.19	225
0	learp	5	NA	1	113.51	7202.92	327.4	1919.09	53.25	825.54	12.67	278916.45	38058.2	21563.05	3362.5	3179.57	290.33
1	lears	5	NA	20	59.88	9884.64	619	2280.18	67.75	1173.51	19.33	315946.55	44986.8	24624.3	4111.5	3681.79	345.33
1	leass	5	NA	8	50.71	9477.24	610	1740.97	51.5	550.01	10	320111.93	47289	24090.11	3562.25	3007.06	365
0	legan	5	NA	4	110.82	5842.83	263.2	903.69	25	302.7	4.67	288767.53	38057.6	24800.34	3250.75	822.8	158.67
0	leved	5	NA	6	69.8	9553.95	434.2	1985.81	92.25	640.84	8.67	284031.31	36622.6	26138.53	4114.5	3203.45	164.33
1	leven	5	NA	4	77.79	8309.34	398	1830.27	41.25	637.21	6.67	308092.38	40164.2	27349.06	3815.5	3732.71	267.67
1	leves	5	NA	8	43.32	9931.39	668.2	2191.68	114.75	603.14	12.33	303494.11	42560.2	25221.42	5255.5	3244.3	247.67
1	linal	5	NA	1	114.41	5437.45	306.4	892.91	52.25	131.2	5.67	262800.69	37571.8	34693.88	6232.75	2410.17	718.33
0	linge	5	NA	8	1.11	7701.25	356.6	822.62	59.5	110.52	11.33	273496.66	39359	37133.9	6947.25	11756.44	2874
0	livel	5	NA	5	95.31	7954.52	394.2	1336.39	50.25	462.22	11.33	241584.6	35239	18368.99	3035	2665.85	462.33
1	looke	5	NA	2	78.08	11136.24	422	647.22	44.5	238.84	7.67	273742.8	32904.6	9562.09	1474.75	2095.06	177
0	loore	5	NA	1	44.02	12773.54	434.4	1764.36	53.75	117.84	7.33	316095.51	39761	29671.49	3846.5	2644.75	227.67
1	loory	5	NA	3	2.88	9919.42	428.6	927.98	53.75	141.91	4.67	227787.97	28879.4	17310.19	2260.5	1349.39	132
0	lorls	5	NA	2	9.73	11554.77	638.6	1359.69	64	313.39	3	233966.34	36447.4	14453.75	2030	501.8	60
1	mager	5	NA	5	6.58	9593.63	473.2	2184.87	77.5	89.72	9	266539.81	35231	25085.73	4251.5	1770.03	328.67
0	magon	5	NA	2	6.25	5172.92	306.2	361.21	35	18.98	2.67	235671.43	29104.8	18867.08	2865	430.79	110
1	maked	5	NA	10	24.71	9223.86	484.2	1474.9	98.5	530.44	14.67	240666.97	29272.4	17833.92	2987.5	2295.86	214.67
0	meach	5	NA	5	41.41	7954.69	336.4	2605.8	60.5	333.12	7.33	273425.86	31025.8	21018.57	2651.5	1681.28	165.67
0	meard	5	NA	2	153.34	9470.57	388.8	1954.43	55.5	840	12.33	283019.68	36128.8	22770.52	2848	3466.82	396.67
0	meare	5	NA	1	7.02	10974.44	424.2	2962.6	61.75	779.3	12.33	353994.36	44587.2	35712.35	4375.5	4899.33	295.33
1	mears	5	NA	16	83.51	9848	622.8	2163.94	67.25	1058.81	16.67	302482.49	42066.4	24663.34	3440.25	3017.57	281.67
0	meate	5	NA	2	2.2	10131.47	443.8	1761.86	53.75	367.11	9.67	383852.06	44359.8	32765.71	5101.75	4162.13	979.33
0	meddy	5	NA	3	6.46	4768.65	319.4	289.08	25.75	36.35	5.33	207315.89	25930	17618.36	2673.25	619.36	113.67
0	merve	5	NA	4	22	8526.95	354	546.44	36.75	74.84	5	285864.67	37337.6	30714.02	4282	1133.56	244
0	migin	5	NA	0	0	6052.1	255	1340.4	27	293.44	1.67	216860.56	33421.8	25527.19	4436.25	945.48	166.67
1	milly	5	NA	7	13.62	6738.13	375.2	849.39	64.25	214.89	16.67	165594.52	26179.6	15552.24	2869	3567.23	549
1	minch	5	NA	7	1.76	6326.49	292.8	1858.48	60	264.17	11.33	211241.39	27410.4	29504.61	5026.25	2052.82	489
0	monge	5	NA	2	0.03	9597.62	405.8	759.81	55.75	205.43	8.33	263572.6	33423	26868.01	4603.5	2291.78	355
0	morry	5	NA	5	48.4	9254.13	429.4	1349.7	50.75	229.11	8.33	198278.7	27168.4	15205.84	1882	1549.43	155.67
0	motty	5	NA	3	2.8	7809.59	411.4	661.83	45.75	52.1	10	257994.1	26713.6	9869.27	1338.5	601.93	116
1	moven	5	NA	5	44.61	10147.69	442.6	1671.35	50.5	405.28	10.33	254996.28	31211.4	22822.95	2870.75	3109.88	376.33
0	mudge	5	NA	5	12.33	6120.47	300.2	323.71	28.5	66.18	7	198467.32	26915.2	4796.68	874.25	361.95	110.67
0	nakes	5	NA	14	31.71	9270.92	689.2	1527.76	111	393.43	16.67	296929.58	40038.8	14811.48	4023.5	1219.42	148.67
0	natch	5	NA	9	30.63	6293.69	293.2	1628.55	45.75	217.51	11	284406.12	30804.2	18117.17	3190.75	1394.35	393.33
0	neeks	5	NA	7	48.66	8588.12	539.8	808.09	51.5	168.42	4.33	324830.75	44357	10267.75	1647	659.12	56.33
0	neels	5	NA	7	33.94	10761.74	560.8	845.45	54.75	109.74	5.33	352611.38	49211.2	14949.61	2432	910.97	131.33
0	neved	5	NA	1	906.25	9186.94	409	2001.41	88.25	878.03	7.67	307367.05	38531	25160.51	3821.5	3387.3	142
0	nevel	5	NA	7	161.22	7645.53	373.6	1451.7	39	792.96	6	308092.38	40164.2	19467.12	2717	3367.51	224
0	neven	5	NA	2	511.73	7942.33	372.8	1845.87	37.25	874.4	5.67	331428.13	42072.6	26371.04	3522.5	3916.56	245.33
0	neves	5	NA	2	453.16	9564.37	643	2207.29	110.75	840.34	11.33	326829.85	44468.6	24243.4	4962.5	3428.15	225.33
1	noing	5	NA	2	490.16	10134.95	329	2700.87	43.75	1418.78	10.33	257200.37	35235	34145.1	5706.75	10653.71	2427.33
1	nords	5	NA	5	57.46	9192.23	586.4	1225.64	53.75	295.66	8	256576.75	36722.6	16144.33	1878.25	1352.07	206.67
0	norld	5	NA	1	739.2	10810.32	379.4	2571.5	31.25	542.71	1.67	237839.28	32418.2	17299.44	1605	845.37	63.67
0	notal	5	NA	3	46.98	7230.87	298.2	605.58	31.5	161.74	4	310770.49	36331	19696.76	2721	3196.51	230.67
0	notor	5	NA	2	17.22	7973.42	299.2	386.46	23	76.05	3.33	313611.71	36619	27294.84	2325	3366.28	361.67
1	ofter	5	NA	5	358.91	7976.39	303	3230.66	65.75	1463.38	7.67	314866.97	36446.8	33820.12	4797	4199.57	764.67
1	oftes	5	NA	1	469.4	8507.28	557.4	2298.77	102.5	793.39	9	319032.35	38749	26552.53	5000.25	1478.43	391.33
0	opell	5	NA	1	20.76	7320.94	201.8	715.06	19.75	62.84	3.67	252613.49	34341.8	15000.76	2518.5	1860.3	305
0	orden	5	NA	2	135.35	7485.69	352.8	1042.73	26.5	182.7	1.67	308088.62	39243.4	27247.89	3879.25	1791.86	265.67
0	oscal	5	NA	1	2.97	2948.39	139.8	393.83	17.5	86.38	2	251062.37	35608.4	14902.16	2869	1319.59	425.67
1	othes	5	NA	1	1596.96	8534.53	540	2120.36	86.5	1069.42	1.67	349006.36	39655	73813.56	4560.25	30919.98	433
1	papel	5	NA	4	48.23	7642.9	480.2	635.35	51.5	127.55	7.67	246051.72	33431.8	11724.77	2240.25	498.67	114.67
0	parls	5	NA	11	16.34	9700.16	674.4	1299.93	75.5	351.42	7.33	227404.57	35537.4	12336.14	2048.5	1751.63	208.33
0	parth	5	NA	4	159.4	6813.48	414.2	1469.59	61.75	573.09	11.33	268029.88	29617.6	44716.14	2556	2939.64	378.33
0	pauld	5	NA	0	0	9734.37	413.8	3148.58	34.75	1633.89	3.67	182942.78	25424.2	9092.13	1273	2055.85	48.33
1	peare	5	NA	3	33.34	11019.33	443.8	2872.22	62.75	668.18	12.67	349165.79	44883.4	32557.91	4376.5	4913.03	304.67
0	peasp	5	NA	0	0	6803.78	341.8	1324.03	46.5	185	6	264789.19	37736.2	19514.46	2382.5	1614.18	181.33
0	peast	5	NA	4	99.61	9055.53	387.8	1850.49	56.75	339.43	8.67	327511.62	42135.2	26495.86	3679.75	2618.47	369.67
1	phair	5	NA	1	110.66	10793.95	320.4	1361.21	25.75	97.39	2.33	250677.38	31651.2	15992.96	1432	774.18	161.33
0	phose	5	NA	6	207.82	12527.58	347.4	2061.07	36.25	884.18	5.67	286283.93	35256	14782.79	2006.5	1642.63	213
0	piots	5	NA	4	6.69	8879.39	630.6	450.03	70	51.78	8	272608.71	37404.2	11653.93	2382	139.23	73.67
1	plack	5	NA	7	129.18	6288.29	300.6	1378.89	50.5	744.29	12	155634.35	23032.8	10540.73	2225.5	2516.64	419.67
0	plair	5	NA	4	15.57	7830.39	335.6	1818.71	38.5	380.63	8.33	235744.41	35041.4	11600.7	1899.25	1762.2	280
0	plams	5	NA	6	19.58	7277.14	573.2	969.18	53.25	328.84	13	199368.42	30614.8	8404.44	1723.75	1154.56	237
0	plape	5	NA	4	157.52	8329.88	377.2	777.27	39.5	320.03	7.67	246051.72	33431.8	10785.89	2256.25	1352.67	229.67
1	plast	5	NA	5	17.3	8120.14	342.4	1527.62	51.5	587.15	12	257262.28	35310	22197.29	3495	2615.58	460
0	poild	5	NA	0	0	12639.57	437	2867.8	36.25	296.45	4.33	208716.11	29691.8	9826	1364.5	952.12	103.33
0	poind	5	NA	2	202.31	12155.47	440.2	2176.65	47.5	603.51	3.67	232051.86	31600.2	34737.66	4519.25	2267.55	269.33
0	poing	5	NA	3	448.16	10510.22	377.6	2825.94	51	1515.6	10.33	215571.99	30702.4	32334.05	5842.75	10877.85	2451
1	poisy	5	NA	4	3.93	10345.61	449	778.48	35.25	166.26	3.33	210120.72	31573	12149.63	1889	355.98	74.33
1	porks	5	NA	9	13.25	9389.41	641	1129.14	70	90.19	8	187893.08	28969	13001.65	1777	1342.71	184.67
0	pould	5	NA	4	1217.77	11597.24	401.4	5121.14	39.5	3241.33	5	171211.91	23710	18616.88	1874.5	4147.62	68.67
0	prear	5	NA	1	0.24	8741.55	321.4	1257.69	44.75	508.01	8	293488.54	40060.4	31700.88	4230	5546.95	654
0	prese	5	NA	2	71.75	10891.63	367.8	2119.06	47.5	558.66	4.67	325555.09	46680.8	33211.33	6169.25	4186.82	773
1	prisy	5	NA	3	2.14	8042.53	382.8	665.08	48.25	138.12	8.67	194075.51	32782.4	16621.67	3136.25	1182.97	262.67
1	prive	5	NA	7	54.12	9597.73	357.2	856.38	47.5	182.76	8	237864.06	34617	16819.96	2960.25	2816.7	477.67
0	prood	5	NA	3	25.07	7429.29	342.6	888.33	43.5	207.27	10.67	226828.21	28678.4	12341.55	2071.25	2849.01	464.33
0	prote	5	NA	6	35.33	9635.74	411.2	1131.08	52	147.34	9.33	311615.37	38118.8	20504.12	3727.75	2372.71	443
0	proth	5	NA	4	1.06	7001.91	338.6	1123.03	52.25	124.76	10.67	256299.01	27903.4	43780.69	2338.75	3652.32	447
0	proup	5	NA	3	115.73	5413.65	268	1384.52	40	284.22	8	168216.7	24721.2	19899.72	2422.5	3317.1	444
0	prout	5	NA	2	36.41	7665.41	314	1907.8	42.75	980.6	10.33	230939.13	29120.2	22809.48	2656.5	5434.5	594.67
1	queud	5	NA	1	10.11	6996.37	252.4	267.41	15	33.1	3.67	185504.04	24542.4	2611.43	667	420.46	124.67
1	quich	5	NA	1	69.49	6742.41	251.4	2544.98	40.25	1360.52	6	157737.17	20598.2	10789.32	2055.25	1878.32	156
0	quide	5	NA	4	127.15	8302.94	320.8	588.03	27.75	281.96	8.67	223008.25	30524.2	9869.12	1848	2077.37	302
1	quile	5	NA	5	95.41	10298.47	347.8	1552.02	40	554.35	9.33	223733.58	32157.4	12189.96	2451.75	1439.43	252.33
0	radia	5	NA	2	36.86	4456.42	300.8	274.78	27.75	86.68	3.33	295659.88	38539.4	12756.81	3010.5	875.24	226.67
1	ranny	5	NA	7	7.17	6443.41	440.2	478.81	50	113.79	11	255573.03	33617.6	21851.82	2921.75	1198.78	350
1	rater	5	NA	10	96.48	9599.43	487.6	3189.21	93.25	1155.59	16.67	356210.97	44459.4	40231.38	7772.25	7034.82	1921.33
0	rendy	5	NA	4	32.96	4919.86	356.8	505.38	45.5	32.56	6	259413.13	34394.2	37531.66	4036.25	1970.3	295.33
0	rocal	5	NA	4	81.71	6599.1	307.8	706.89	35.75	186.35	3.67	246896.99	33306.2	18231.14	3228.25	1486.62	421
1	rogan	5	NA	3	14.5	7510.12	303.6	707.07	29.25	141.39	3	263707.58	34027.4	23309.03	2852.25	457.22	116
1	roper	5	NA	8	4.77	10677.76	459	2217.64	80.5	125.19	11	281757.67	38346.2	27186.57	4679.75	2694.64	546.67
0	roubt	5	NA	1	150.64	8955.3	319	2384.69	32.75	237.83	3	228484.56	27993.6	16467.88	1878.25	1648.76	160
0	rould	5	NA	4	1288.29	11381.28	377.6	5118.73	38.75	3363.09	5.67	204076.63	28336.4	21635.65	2307.5	5377.71	172.67
0	rount	5	NA	4	107.01	10844.64	369.2	3138.76	52.5	736.9	11.33	272567.5	33652.8	26367.21	3508.75	3813.56	424.67
0	routh	5	NA	7	69.56	8872.03	351.4	2888.26	46.25	463.85	7.67	264164.74	28354.2	51662.13	2597.25	4029.78	336
0	rully	5	NA	6	16.83	5345.19	352.4	569.18	53.5	165.29	15.33	156126.47	25120.4	13484.53	2450	1662.94	399.67
0	salls	5	NA	14	18.93	9923.04	718.2	675.66	77.75	260.7	22.33	249862.59	40463.8	16393.2	2586.75	3763.63	566.33
0	salph	5	NA	2	25.43	6125.25	417.2	273.56	33	61.69	3.67	227765.46	30145	10660.55	1840.75	219.13	101
1	seemy	5	NA	3	77.68	8534.84	433.8	540	32.75	182.8	3.33	297753.37	40326	14589.66	1679.75	1250.34	57.33
1	seeth	5	NA	1	82.1	9592.52	410.4	887.16	37.5	147.4	3.33	388638.4	45687.4	45960.86	2348	1900.14	127.67
1	seets	5	NA	11	28.1	11099.92	681.6	722.75	75.5	128.92	6	392442.89	53382	16733.88	2491.5	1525.63	176.33
0	seved	5	NA	5	31.78	10904.4	518.8	1920.34	93.25	615.73	8	302768.78	40927	26389.01	3609.25	3187.17	150.67
0	sevel	5	NA	5	61.27	9362.99	483.4	1370.62	44	530.66	6.33	303494.11	42560.2	20695.61	2504.75	3167.37	232.67
0	shads	5	NA	8	4.12	11804.04	624.6	1168.71	63	256.81	12.67	264070.23	35440.4	18087.34	1715.25	2670.57	153
0	shain	5	NA	6	12.49	11044.98	365.8	1301.48	48.5	600.22	13	296471.14	38486	36231.29	4634	2369.28	298
1	shant	5	NA	7	2.92	12885.5	409.2	1289.83	59.5	314.88	13.33	313823.63	36452.4	36402.96	3644.5	3180.78	556.67
1	shart	5	NA	11	59.56	12833.29	397.4	1524.5	56.5	424.08	13.33	305059.98	36546.2	23832.74	2647.75	2214.94	371
1	shase	5	NA	9	30.95	13982.29	435.4	1955.69	62.25	225.14	12	335044.91	43898.8	28168.77	2566.5	1673.81	191.67
0	shass	5	NA	4	0.16	12855.86	634	1120.59	51.25	351.44	11.33	283533.03	41378	24056.66	2562	1973.34	286.67
0	sheck	5	NA	5	24.36	11301.84	305	2972.88	44	95.72	5.67	235498.6	30889.4	37284.95	2235.75	2045.68	232
1	sheir	5	NA	3	992.52	12843.94	340	4162.71	31.5	2017.91	4.67	315608.66	42898	36768.45	1748	3900.7	184.67
1	shery	5	NA	1	0	12243.37	397	4223.9	49	1661.26	7.67	270473.16	35033.2	50991.71	4245.75	8548.08	452.67
0	shith	5	NA	3	13.74	11625.69	370.6	2830.53	51.5	205.13	6	290150	32455.2	52026.81	2450.25	3550.05	242.33
1	shood	5	NA	5	64.44	11227.75	368.6	1284.64	41.75	396.7	8.67	264219.2	30214.6	12648.01	1677.5	2063.66	227.33
1	shose	5	NA	6	195.72	13869.77	408.6	2427.68	53.5	1088.06	10.67	323314.04	42184.6	17771.05	2328.5	2459.47	220.67
0	shost	5	NA	4	65	12313.37	361.6	1908.72	47.25	629.79	8.67	297494.49	37134.2	19180.09	3111.75	2404.26	234
1	sider	5	NA	6	19.07	10537.73	501.6	2476.58	77.5	408.36	11.33	299950.35	44655	28258.08	4822.5	3476.16	546
0	singo	5	NA	7	1.32	5136.16	351.6	590.76	48.5	204.75	11	252602.09	37631	34312.77	6052.75	10832.38	2540.67
1	sinor	5	NA	2	21.83	7530.45	392	685.07	41.5	205.65	4.33	284379.39	42164.2	37420.76	5264.75	1243.6	265
0	sisic	5	NA	0	0	5799.39	320.6	505.3	27	112.12	1.67	250988.97	44229.8	20674.49	3457.5	931.74	170.33
1	sixed	5	NA	9	12.74	10306.93	503.2	1019.38	81.25	89.6	7.67	252811.6	37080.6	14110.82	2574	199.9	30.67
0	sixts	5	NA	4	10.2	8057.39	619.2	549.53	61.25	30.18	2	246454.85	37967.8	6716.88	1386.5	166.58	13.33
0	slass	5	NA	10	34.35	9892.3	649.2	1056.87	51.25	291.91	11.33	268600.06	44768.2	15176.67	2653	1476.25	311.67
0	smage	5	NA	2	105.96	9020.69	388.6	652	23	286.14	3.33	270705.19	37533.2	9312.71	1695.5	1478.04	257.33
0	smale	5	NA	5	141.85	11238.63	417.4	1088.67	27.25	394.34	3	287910.4	40064.2	19157.38	3459.25	1085.74	219.33
0	smalk	5	NA	3	180.26	7828.89	334.8	633.75	17	371.14	2.33	189880.43	28384.8	12717.88	2137.25	1102.36	158.33
1	smals	5	NA	2	268.46	10112.2	616	869.69	44.75	395.17	6.67	236398.52	37543.4	13436.14	2352.25	1396.14	230.33
1	smels	5	NA	2	35.58	10820	574.4	573.17	42	78.53	4.67	264299.69	41861.6	12680.64	1876	441.75	144.33
1	smild	5	NA	1	98.58	10447.57	361.2	2459.04	23	250.41	2.67	201664.85	32907.2	9455.05	1524.25	1311.28	120.33
0	smone	5	NA	5	33.13	10642	393.8	844.38	25.25	259.53	6	299515.27	40258.4	21031.62	3382.25	2980.8	336.67
0	snown	5	NA	4	87.75	6344.68	283.4	497.36	24.5	321.08	8.33	250521.83	33380.2	8687.19	799.25	2391.91	118
0	soble	5	NA	2	9.04	12568.06	464.4	728.22	27.25	98.08	3.67	268896.39	37519.6	12746.53	2304	1695.35	361.67
0	solic	5	NA	3	16.96	7898.98	391.6	393.63	33.75	56.64	4	235791.5	36909.8	15400.9	2971.25	1385.61	302
0	sorty	5	NA	5	36.87	9798.26	529.8	1284.4	50.5	325.92	6	260337.94	34165.8	16743.43	1967.75	1671.57	241.67
0	sould	5	NA	5	1002.49	12939.43	462.6	5076.85	35.5	3352	5.33	208242.01	30638.6	19529.51	1709	4307.87	75.67
0	soute	5	NA	4	59.57	13064.02	509	2854.42	42.75	298	7.67	323646.48	40871.8	26279.42	3387.75	2994.13	271
0	spees	5	NA	5	16.96	12078.29	712.4	1562.58	115.5	242.23	6.33	329720.47	48983	17987.87	4388	1024.29	189
0	spene	5	NA	4	81.67	11472.93	388	664.88	36.75	265.77	5.33	334318.74	46587	22025.44	3646	2232.05	418
1	spere	5	NA	4	11.71	11420.72	376.2	2798.84	41	1585.46	5	325555.09	46680.8	35763.59	5598.5	6585.71	726
0	spird	5	NA	2	3.09	9921.86	361.6	540.46	35.5	102.07	6.67	211408.37	35205.6	6551.19	1369.25	515.68	153.67
1	spoks	5	NA	2	67.17	7836.66	577.2	710.02	55.25	200.75	6.33	192058.46	31271.2	5249.86	1069.25	516.67	111
0	sporm	5	NA	4	16.21	6710.03	295.6	506.61	31	85.29	5	202209.64	30902.8	14300.96	2080.75	1578.08	271.33
1	spory	5	NA	3	64.97	7746.28	385.2	826.06	39.5	141.57	5.67	197615.51	29766.8	15246.58	2061.25	1306.18	228
1	squal	5	NA	5	15.6	6172.37	273.4	390.84	18.5	88.45	4.33	187492.58	28335.2	9737.02	1728.5	1112.73	240
0	staft	5	NA	3	108.75	8052.21	337.6	1211.45	36	404.55	10	304943.67	35412.8	13661.56	2604	2214.66	299.33
0	stafy	5	NA	2	58.12	6754.5	378.8	1182.97	36.25	392.95	8.67	242455.68	29581.6	12886.63	2577.25	1703.4	263.67
0	stans	5	NA	10	21.11	10393.48	631	1614.01	68	528.16	14.33	317628.12	44147	31215.2	4751	3018.94	617.33
0	stard	5	NA	8	52.55	9963.83	385.2	1963.78	52	595.4	12.33	289401.67	38303.2	21793.62	3891.75	3170.53	570.67
0	starn	5	NA	6	49.87	8719.22	349	1835.04	51.75	484.53	10	313462.75	41844.8	21588.36	3815.75	2357.26	410.33
0	stath	5	NA	3	100.86	7990.9	367.6	1763.17	50.5	539.06	10	334917.68	36318.8	55065.38	4756.5	2999.53	571
1	stats	5	NA	11	36.33	9498.3	638.8	1598.76	88.5	495.36	16	338722.17	44013.4	25838.4	4900	2390.12	509.67
0	steat	5	NA	6	12.31	9718.95	332.4	1656.78	45.75	353.27	9.67	390234.05	46534.2	34386.19	6051	2738.63	479.33
1	steen	5	NA	7	18.85	11211.03	445	1758.32	49.5	182.96	8.33	397041.17	50986	31815.95	5428.5	2996.12	435
0	steet	5	NA	8	19.05	12403.11	469.6	1274.11	49	149.03	9.33	418135.22	50852.4	24093.33	4520.25	1908.88	426
1	steir	5	NA	3	18.13	9921.95	316.2	2458.43	31	1088.7	6.33	345105.47	48063	20879.47	3995.25	2252.16	324.33
1	stere	5	NA	5	20.28	12175.5	379	3356	48.5	1517.01	7	388277.52	51079.8	47464.03	8079	8759.19	1295.33
0	stice	5	NA	4	17.33	11794.6	384.6	2698.53	42	512.29	6.33	319853.34	44717	25370.42	5244.75	3248.7	741
1	stich	5	NA	1	54.08	9160.76	312	3224.31	50.25	1468.66	4.33	264536.97	34501.6	25326.81	5316.25	3580.77	664
0	stild	5	NA	3	308.11	11212.96	373	3330.85	42	817.99	5.33	259558.71	37602.4	22871.75	4462.5	2412.73	433
0	stily	5	NA	3	308.11	9862.71	402.6	2031.92	55.75	678.04	6	242225.84	35179.2	24198.16	5231.25	2171.29	483
0	stoms	5	NA	5	9.95	8548.38	568.6	1277.35	48	276.64	10	269097.45	37604	23534.24	2820.75	1005.92	227
0	stons	5	NA	5	23.14	10280.96	604.2	1628.15	62.5	276.9	11.33	305897.26	42432.8	32969.36	4825	2740.71	768.67
0	stont	5	NA	6	18.58	9850.99	358.6	1817.47	50.25	357.16	8.33	331589.58	39903.2	37252.71	5091.25	1738.1	361
0	stoof	5	NA	4	59.31	5941.12	279.6	1254.35	39.5	328.46	9	279400.3	32716.6	29124.01	2693.5	1423.58	206
0	stort	5	NA	10	68.89	9798.78	346.8	1469.2	43.25	397.25	9.67	322825.93	39997	30083.86	3642.5	2810.97	598.67
0	sweas	5	NA	2	22.93	9254.13	570.2	711.56	37.25	155.14	5	304568.02	42407.2	18357.24	1624.75	1548.79	173.33
0	sweps	5	NA	5	21.02	8400.22	548.6	280.92	40.75	97.03	5.67	243927.21	37276	5603.19	733.5	262.82	49
0	swund	5	NA	2	94.77	8791.73	332.8	908.2	28	385.47	3.33	185416.54	26872.4	15066.84	1407.75	1548.2	214.33
0	taist	5	NA	3	12.12	11942.44	414	995.05	45.75	79.36	5	347062.01	43517.4	23903.92	3970	2139.68	567.33
1	taked	5	NA	12	44.52	11430.73	497.6	1474.86	94.75	623.9	15	298560.83	33967.6	17515.77	3096	2386.99	219
0	talue	5	NA	2	56.64	10076.04	413	495.26	33.75	90.96	2.67	316639.88	38281.6	13177.78	2434.25	963.25	195.33
1	tases	5	NA	13	24.25	11823.92	754.2	1378.94	120.75	167.55	12.33	364541.72	49063.8	27936.3	5251.75	1207.13	358.67
0	taxon	5	NA	2	1.19	6622.69	306.2	316.78	26.25	11.66	1.67	278203.83	30758.8	15619.15	2533	69.96	19
0	teane	5	NA	2	2.47	13233.52	449.4	1557	57.5	208.88	6.67	420651.87	49188.6	36505.98	5062	996.17	177.67
0	tedia	5	NA	1	42.6	6822.24	265.2	246.37	19	51.76	2.33	353418.75	42630.2	22909.54	4998.75	2697.18	671
1	teeds	5	NA	11	22.42	11303.46	576.2	828.7	51	176.08	9	372980.09	47444.4	23291.25	4324.75	1010.25	166.33
0	theas	5	NA	2	0.06	13890.69	534.4	5516.87	41.25	2630.09	6.33	360737.23	41369.2	75299.68	2536.5	30466.82	426.67
0	theat	5	NA	4	20.03	13460.72	288.8	5635.97	35.5	2789.08	7.33	386429.55	38839.6	78470.97	3724.5	30547.75	445.33
0	thece	5	NA	3	1494.06	15531.37	320.2	5535.67	30.75	2538.02	3.33	359220.89	40039.2	68549.18	2327.25	28913.07	275.33
0	theck	5	NA	2	62.94	12121.62	237.6	5247.79	33.25	2521.98	4	261190.92	28359.8	65480.75	2156.5	28654.2	265.67
1	thees	5	NA	2	62.68	16574.85	671.6	6098.93	112.75	2597.27	7	388638.4	45687.4	73773.09	4542	28775.9	292.67
1	thefs	5	NA	3	2.9	12931.75	498	4931.72	29.25	2483.27	4.67	303348.02	34566	62042.43	1437	28511.81	202.67
0	therk	5	NA	2	1616.21	12507.53	252.8	6173.53	30	3909.72	4	286443.06	31705.8	77916.18	4069.5	34196.24	440.67
0	thert	5	NA	3	1080.11	14360.87	288.4	6401.23	32.75	3914.28	5.33	358653.48	38334.8	79741.69	4353.75	34693.32	547
0	thery	5	NA	2	1616.21	13063.16	329.6	6498.81	38.25	4087.51	6	296165.48	32503.6	79187.51	4166.5	35156.59	486.33
1	thesh	5	NA	1	1223.29	12876.04	253.8	5443.17	30.75	2950.36	4	333322.04	35472	73345.44	4736.25	29314.92	392
0	thess	5	NA	4	309.84	14383.44	525	5579.48	28.75	3011.84	6	337126.53	43166.6	72799.4	5023.25	31253.04	1133
0	thest	5	NA	3	425.59	13953.48	279.4	5895.63	33.5	2935.61	5	362818.85	40637	78320.55	5811	30980.32	918.33
1	thice	5	NA	4	36.99	15536.38	341	5925.28	37.5	1801.58	6.33	316048.85	37022.4	48023.74	2516.25	5243.02	227.33
0	thich	5	NA	3	1137.38	12902.54	268.4	6451.07	45.75	2757.94	4.33	260732.48	26807	47980.13	2587.75	5575.08	150.33
0	thill	5	NA	3	4.36	13413.32	294	5477.66	41.75	1210.18	8	256479.55	31541	47977.59	2391.5	5635.61	333
0	thint	5	NA	5	250.96	14418.09	321	5876.4	53.25	1149.62	11.67	324245.09	35224.2	66238.72	5383	6999.1	543.33
0	thirt	5	NA	2	122.5	14365.88	309.2	4679.13	35.5	620.17	6.33	315481.43	35318	44245.67	1724.25	3472.83	153
0	thite	5	NA	3	129.06	15079.32	375.8	5113.49	40.5	995.1	6.67	371158.69	40141	56946.04	3760	4298.13	253.33
0	thred	5	NA	4	188.01	14748.44	449.4	3835.16	90.25	540.71	10	313498.35	34926.8	56693.91	4203.75	2516.29	362
1	timen	5	NA	3	117.48	10316.22	421	1152.35	34.75	420.32	6.67	321667.59	40744.4	28708.18	4663.25	4127.55	511.67
0	tiree	5	NA	3	233.55	14166.13	540.8	1024.14	40	306.96	7.33	396617.35	50583.8	28852.01	4582.5	1617.79	219.67
0	todal	5	NA	6	62.84	9218.41	327.4	654.58	35.75	157.2	4	286709.41	32789.4	20171.82	2230	205.77	43.67
0	todge	5	NA	2	8.21	11482.22	377.6	520.58	36	122.57	7	297405.38	34576.6	14486.32	1346.75	362.01	90.33
1	toten	5	NA	4	2.51	12749.07	477	1685.99	48.25	307.93	6.33	383101.45	42424	33218.59	4358.75	1606.6	293
0	tould	5	NA	3	1610.21	13759.21	395.2	5085.68	38.5	3271.61	4.67	233934.34	28109	25918.59	1971.25	4134.83	83.33
0	tound	5	NA	8	138.98	13275.11	398.4	3095.77	47.75	971.4	8.33	257270.08	30017.4	34848.15	2678.25	3351.7	424.67
0	trabs	5	NA	6	8.45	9789.65	572.4	653.87	51	144.79	8	269379.8	36185.6	9563.63	2524.25	1575.27	435.33
0	trach	5	NA	5	24.82	9733.47	324.4	2081.62	67	240.23	10.33	275642.46	30898	15213.8	3282.25	2537.58	574
0	trass	5	NA	9	14.12	11219.38	601.8	1100.56	57.5	317.71	9.33	308864.47	44240.8	18324.38	3521.75	2250.83	566.67
0	treen	5	NA	4	70.02	12496.53	436.6	1607.35	50	268.79	9	392875.79	48683.8	32501.59	4407.75	3080.46	283.33
0	trich	5	NA	3	7.24	10446.27	303.6	2813.23	60.5	1281.41	8	260371.59	32199.4	17054.15	3629.75	2551.15	403.33
1	tride	5	NA	8	30.11	12006.8	373	856.28	48	190.24	10	325642.67	42125.4	16133.95	3422.5	2394.54	452.33
0	trime	5	NA	9	15.86	11785.66	367.6	816.73	46	200.45	10.33	312903.94	40838.2	17635.94	3104.25	1958.8	370.33
0	trive	5	NA	7	16.94	11759.71	351	1021.74	50.5	212.9	8.33	300586.48	39016	17121	3124.5	2940.15	590.33
0	truel	5	NA	3	10.15	11162.41	422.6	610.4	38	117.08	5.33	288863.8	37776.8	9213.27	1911.5	597.7	126
0	truit	5	NA	3	43.61	10271.06	301.8	559.99	32.5	136.81	4.67	290121.55	36534.8	14449.78	2092.75	823.92	174
0	trumb	5	NA	3	8.84	6795.1	228.2	481.06	29.5	109.57	6	184403.2	24280.4	5545.08	1522.25	732.99	222
0	truse	5	NA	4	17.97	12016.29	346.8	1718.78	46.75	381.47	9.33	307601.27	42081.2	15060.04	2537.25	1994.02	316.67
0	trute	5	NA	4	35.23	11580.72	375.4	1040.19	39	164.74	6	333293.59	39551.6	16639.83	3300.25	857.15	181.33
0	twime	5	NA	2	39.77	10425.15	300.8	188.7	18.5	80.3	5	282787.94	33954.2	13672.55	1319.75	1112.24	110.33
0	undel	5	NA	1	569.05	5973.4	288.4	1030.25	32.75	423.45	2.67	252472.33	34275	24353.02	3078.5	2857.34	566.67
0	unten	5	NA	0	0	6819.9	300.8	1862.43	34.5	340.71	2.33	320963.2	39591.4	30141.74	5208.25	3106.1	641
0	untin	5	NA	1	464.76	4439.67	156.2	956.73	17.5	323.42	1.33	277791.16	36574.6	38467.19	7097.5	3399.81	981
0	untra	5	NA	0	0	3913.98	150	546.65	12.5	192.2	1.33	284298.37	35367	17894.56	3814.25	2726.91	568.33
0	upsed	5	NA	2	19.48	7148.28	326.8	836.6	74.5	35.06	4	229581.42	34046.8	18831.45	3018.5	1103.27	150.67
0	upses	5	NA	2	19.36	7525.71	560.8	1042.48	97	116.59	8.33	249044.22	39984.4	17914.34	4159.5	749.17	297.33
0	urgun	5	NA	0	0	4590.74	171	91.69	6.5	43.13	1.67	169888.3	26380.8	8837.99	1519.25	228.99	65.33
0	usale	5	NA	1	3.57	9337.08	293.2	781.07	23	30.34	2	290947.56	40811.2	20803.07	3573	566.85	179.67
0	valks	5	NA	5	10.19	5728.52	585	493.55	55	82.54	7.33	177562.97	26562.6	9290.72	1637.75	600.14	100.33
0	valls	5	NA	9	21.97	7902.14	606	649.82	68.25	277.06	21.67	205343.6	31416.8	14901.27	2466.5	3844.8	551.67
1	viece	5	NA	2	59.11	10604.5	331.4	771.71	24.75	94.71	1.67	301153.9	40720.4	12203.17	2339.5	668.94	106
0	vists	5	NA	6	6.13	6286.12	533.6	511.62	73.5	119.32	11.33	253239.99	38797.4	21118.13	3777.75	2055.32	708
0	voich	5	NA	1	241.9	9908.67	325	2616.67	35	1272.89	2	206205.49	24472.6	10280.51	1861.25	1503.24	38.67
0	voink	5	NA	0	0	9570.89	342	1949.77	40	861.85	6.33	197507.68	26260.8	21877.4	3621.5	1338.71	145.33
0	voint	5	NA	2	202.22	11424.23	377.6	2042	42.5	732.51	7.67	269718.1	32889.8	28539.1	4656.5	2674.32	358
0	walse	5	NA	3	16.54	10607.93	410	1506.76	48.25	82.56	4.33	285830.55	38102.8	20798.69	2610.25	1010.11	145.67
0	warge	5	NA	5	74.84	10453.02	416.2	1079.78	56.5	269.2	8.33	264459.97	33269.6	16971.46	2082	1482.08	179.33
0	wasic	5	NA	1	103.99	6371.7	286.4	623.86	36.25	169.57	3.33	231978.46	33742.2	21426.29	2511.75	4376.25	115
1	watty	5	NA	10	2.07	7835.98	412.6	884.85	50.5	223.97	9.67	267645.13	26466.4	19348.85	2650.25	1045.27	171.67
1	wheir	5	NA	1	2947.33	13346.1	248	5295.34	20	2329.66	2.67	281327.28	33711.8	37910.49	1260.75	3511.18	58
1	whese	5	NA	3	829.05	15192.26	301.8	5272.31	39	1202.92	4	328664.7	39030.8	49857.75	4619.75	3078.47	264.67
0	whice	5	NA	4	1089.79	15218.76	316.4	4783.01	36.75	2747.89	7.67	256075.14	30365.8	20969.98	2108.25	3674.57	193.33
0	whick	5	NA	5	680.87	11809.01	233.8	4495.14	39.25	2680.15	9	158045.18	18686.4	17901.55	1937.5	3221.13	240
1	whill	5	NA	3	218.4	13095.7	269.4	4335.39	41	2156.49	9.33	196505.85	24884.4	20923.83	1983.5	4067.16	299
1	whilt	5	NA	2	320.73	14584.58	293.2	3945.89	37.75	1882.01	7	240935.64	26659.2	16431.65	1353.25	2419.37	134
0	whina	5	NA	2	35.04	11786.48	258.6	4376.08	45.25	1933.57	9	262189.76	29299.8	33825.64	4363.25	4139.07	419
1	whing	5	NA	4	114.32	12507.76	245.4	5373.46	51.5	2837.8	16	202636.39	24261.8	40979.36	5804.25	13517.27	2576.33
1	whink	5	NA	4	202.1	12247.13	260.8	4641.89	50	2225.27	11.67	192060.97	21938.6	32523.26	3940	4095.04	296.67
0	whint	5	NA	2	2.32	14100.47	296.4	4734.12	52.5	2095.93	13	264271.38	28567.6	39184.96	4975	5430.66	509.33
0	whirs	5	NA	6	2.12	14478.23	530.2	3672.16	45.75	1552.24	9.67	229815.41	31191	17950.02	1779.75	2242	111.67
0	whols	5	NA	3	133.28	14189.21	532.8	2479.76	52	362.35	5.33	218783.31	26173.2	13278.46	1353	2439.64	126.67
0	whoon	5	NA	1	0.48	10485.3	240.4	2400.68	38	248.96	4.67	253998.89	24570	24141.09	2683.25	2443.21	134
1	whors	5	NA	3	1.76	13652.9	524.2	2677.2	44	311.94	6	233355.41	28175.4	22375.58	2466.5	2637.28	269
1	whort	5	NA	3	66.55	13222.93	278.6	2541.9	33	366.18	6.33	259047.73	25645.8	21617.47	2003	3427.82	303
1	womed	5	NA	4	131.24	13176.22	478	2675.37	86	583.37	9	241172.81	27530.6	23823.38	3129.5	3213	243.67
1	womes	5	NA	6	124.45	13553.65	712	2881.25	108.5	782.03	9.67	260635.61	33468.2	22906.27	4270.5	3179.39	223
0	womic	5	NA	1	14.16	8419.05	268.8	1758.9	26	301.93	2.33	188046.06	24803.2	13856.29	2114.75	876.27	169
0	womit	5	NA	1	5.53	10743.45	321.8	1748.91	25.5	328.04	3	243155.9	27921.8	19000.47	2079.25	962.43	183.33
0	wooks	5	NA	9	45.57	11862.42	613.2	1930.2	62.5	204.12	6.33	206687.01	25502	6388.44	803.25	1131.08	120
0	wooma	5	NA	0	0	9075.4	318.4	1565.27	33.5	41.82	4.33	244614.27	25638.4	13748.65	1681.5	629.35	152.67
0	woore	5	NA	1	5.24	14626.15	427	2882.62	46.75	76.47	6.67	300551.6	34879.2	28746.45	3381.25	2008.3	206
0	woote	5	NA	1	128.27	13783.19	446.6	2066.78	47	92.41	7.67	330409.3	34651.8	17274.48	2826.25	662.21	192.67
0	woral	5	NA	2	34.6	10052.07	353.6	2291.91	45	540.85	7	242033.13	29768.2	23750.04	3700.25	2090.54	300
0	worce	5	NA	2	130.82	13611.6	408.8	2557.01	38	597.01	5	259254.25	32742.6	16958.16	1969.25	1687.85	164
0	worch	5	NA	3	40.53	10977.76	336.2	3082.8	46.25	572.66	7	203937.89	22527.2	16914.55	2040.75	1693.24	211.67
0	wouly	5	NA	1	2913.48	12091.35	400.2	4922.06	46.25	2608.3	3.33	156627.77	19029.2	19849.15	2323.75	3045.08	33.33
0	woung	5	NA	3	158.43	11312.24	311.2	4880.37	45.25	1704.39	7.33	180816.51	22463	25048.71	3585.5	2978.51	215
0	wourt	5	NA	1	128.09	12852.75	350.4	3749.55	35.5	1159.34	5.33	233687.85	26862.6	19528.99	1945	3542.12	181.67
1	wouse	5	NA	7	95.82	14001.75	388.4	4677.16	47.5	1425.21	7.67	263672.78	34215.2	23692.87	2470.75	3655.2	567.33
0	woute	5	NA	1	41.41	13566.18	417	3998.57	39.75	1151.44	6.33	289365.1	31685.6	25272.66	3233.75	3680.4	240.33
0	wouth	5	NA	5	100.01	10932.34	344.4	3990.52	40	1306.2	6	234048.73	21470.2	48549.23	1844.75	3646.21	208.33
0	wries	5	NA	8	6.17	13805.97	703	1603.12	119.75	214.33	12	285131.77	41406.4	17026.56	5227.75	2309.93	871.67
1	wrink	5	NA	4	32.88	9790.86	296	1957.19	56.25	479.23	8.33	191700.08	27331	25834.22	4719.25	1815.76	437
0	wrood	5	NA	1	3.57	9273.65	311.8	864.55	37.25	261.13	6	229576.93	26420.8	9825.78	1564.75	1248.38	178
0	wroto	5	NA	2	64.16	7564.56	290.8	669.9	39.25	156.23	3.67	274732.05	29828.8	19406.4	1898.25	455.95	123.67
0	yarly	5	NA	1	325.6	7441.12	408.2	1077.96	47.5	238.69	2.67	190843.35	25744.4	13328.77	2260	883.77	82.67
0	yeace	5	NA	1	90.73	10102.06	366.8	2154.16	45.5	680.6	6	324148.09	40105.2	15252.11	1950.75	1790.57	141.33
0	yeach	5	NA	5	41.41	7468.22	294.2	2679.94	53.75	489.19	6	268831.72	29889.8	15208.5	2022.25	1742.68	136
0	yeans	5	NA	7	170.11	9413.74	592.4	1678.8	64.75	580.93	9.67	306652.01	40836.6	26382.04	3078	1502.57	279.67
0	yearf	5	NA	2	450.48	6619.46	281.4	1865.84	45.75	853.13	9.33	264109.85	32329.8	15745.89	2005	2536.79	176.67
1	yeart	5	NA	4	265.59	8931.56	335	2102.79	49.5	1013.42	10	323580.68	38400.8	18095.17	2347.5	3807.76	322.67
1	yeass	5	NA	2	455.48	8954.13	571.6	1698.87	44.25	591.38	6	302053.73	43232.6	18319.09	2261.75	2404.24	271.67
0	yeate	5	NA	0	0	9645	401.6	1836	47	523.18	8.33	379257.93	43223.8	26955.65	4472.5	4223.53	949.67
0	yeave	5	NA	3	83.57	8781.65	341.6	1588.05	42.75	543.72	6.67	309046.61	36706.4	16438.03	1660.75	2798.84	138
1	yould	5	NA	3	1610.21	11065.87	339.6	5037.61	29	3410.74	4.33	171446.35	22277.8	18512.89	1438.5	6910.46	50
1	youly	5	NA	0	0	9715.62	369.2	3738.68	42.75	1813.6	3.67	154113.48	19854.6	19839.29	2207.25	4961.4	38.33
1	youse	5	NA	6	96.08	11626.03	357.4	3493.77	44	630.5	8	261158.49	35040.6	23683.01	2354.25	5571.52	572.33
