STRING	LEN	FREQ	Orth	Orth_F	N1_F	N1_C	N2_F	N2_C	N3_F	N3_C	UN1_F	UN1_C	UN2_F	UN2_C	UN3_F	UN3_C
about	5	2322.72	1	0.71	7453.16	215	2604.03	17	2425.72	5	256260.64	28498.4	18470.14	1968.75	4376.81	273.33
above	5	232.68	1	1.61	8560.15	252.2	1654.54	21	1063.51	5	266725.57	30979.6	12622.67	1718.5	2831.95	279
added	5	115.42	2	2.8	8353.41	343.4	1165.52	80.75	147.9	6.33	280460.99	33780.6	19596	3403.25	1124.12	213.67
admit	5	53.07	1	0	5970.5	189.8	215.87	16.25	67.35	3.33	269705.35	32884.6	16015.61	1918.75	526.11	115.33
adult	5	90.19	0	0	8616.11	227	1446.66	14.25	104.75	2.33	245665.21	29823.2	8625.75	1207	647.78	125.33
after	5	1185.51	3	5.81	8994.55	330.8	3384.79	66.75	1702.09	7.67	326597.84	38161	26220.82	4821.75	4506.16	785.67
again	5	766.8	0	0	6698.84	239.2	1090.55	19.25	873.97	5.67	287943.66	37547.8	26036.36	4199.25	2824.18	204
agree	5	62.59	0	0	11086.38	425.6	686.06	26.5	274.02	3	350253.22	44976.6	21241.56	2809	1747.4	206
ahead	5	102.39	0	0	12120.82	283.4	2866.49	27	164.12	5	339192.81	36163.8	39565.78	1841.25	1985.29	249
alive	5	64.85	3	16.04	9859.97	314	625.27	33.25	126.52	5.33	283932.77	37746	21861.46	3544	2824.1	656.67
allow	5	88.53	3	0.85	3561.33	212.2	386.97	17	139.77	4	227461.04	27766	19837	2884.5	4476.53	606.67
alone	5	217.03	3	98.54	10793.17	360.2	1132.13	43.5	493.37	7.67	336590.04	41381.4	28635.97	4620.5	3290.43	276
along	5	294.55	2	256.86	7644.05	262.2	1997.83	44.5	618.19	5.33	249135.49	32025.2	31964.44	5545.5	1855.84	180.67
among	5	296.69	1	294.55	6920.23	211.4	1580.84	26	461.25	2.67	235671.43	29104.8	25846.43	4491.5	1684.34	244.33
anger	5	56.04	2	5.71	8979.24	334	1992.23	59.5	112.48	5.33	303339.62	40059.8	44582.52	6678.75	2135.65	414.67
angry	5	67.76	0	0	5998.44	246.4	443.5	16.75	97.59	2.33	215032.08	29178.2	28567.06	3937.25	873.25	181.67
apart	5	111.31	0	0	8583.86	286.4	1039	31.25	255.05	4	295445.07	35514.8	14588.26	2425.5	2686.85	335.67
areas	5	138.74	2	0.48	10041.98	552.6	1153.76	44	512.07	7.67	358294.72	47493.8	37062.13	4330.75	5889.37	426.67
asked	5	478.92	1	1.67	8283.1	327.4	1322.09	79	538.09	7.67	272868.5	36497.2	21285.99	2940	1367.06	147.67
avoid	5	77.58	1	0.18	7791.46	250	137.31	12.75	77.74	2	243575.4	30080.4	6062.67	765	321.5	59
aware	5	98.46	2	17.82	10000.27	328.4	1924.13	36.75	175.84	6.67	324013.34	38307.6	28186.06	3360.75	3391.58	198
awful	5	52.53	0	0	3440.65	130.2	90.16	3.5	52.53	1	171375.8	20503.6	4394.57	791.5	630.43	148.67
badly	5	53.48	3	8.84	7020.63	422	468.94	43.25	78.63	3.67	172856.92	22414.6	9905.81	1835.5	384.64	91.33
basic	5	103.99	3	34.07	4726.77	320	488.94	39	221.39	5	226775.18	34873.2	17812.42	2610	763.09	133
basis	5	81.98	6	23.74	7481.14	618.6	427.41	38	171.99	5	256192.69	40521.4	21873.91	2871	807.42	147.33
beach	5	62.11	7	25.29	8199.02	358.8	2903.28	66.75	238.23	9.33	266142.72	30195.4	19566.63	2327	1497.37	184.33
began	5	377.18	6	31.12	6050.52	289.4	1084.94	30.75	469.34	6.67	268020.34	34306.8	23387.44	2255	866.63	118.33
begin	5	120.17	4	110.83	6354.44	282	1009.52	29.5	268.59	4.33	252749.47	35608.2	27164.09	4055.75	1044	172
begun	5	65.14	4	124.44	5693.77	258.4	666.38	23	231.51	4.33	215245.26	29626.4	9958	1348.5	429.68	55.33
being	5	850.75	1	181.33	8834.66	339.6	2848.97	51.75	1499.46	9.67	252749.47	35608.2	35803.94	5720.5	10644.48	2388.67
below	5	132.07	0	0	3926.62	283.6	704.6	35.75	177.37	5	234615.01	28333.4	16334.81	1972.5	1294.54	182.33
birds	5	63.72	4	0.49	7833.92	592.4	1021.61	43.75	214.07	7	208953.81	34079	5979.6	1141.75	589.83	124
birth	5	60.68	5	2.14	6942.77	359.2	1218.65	33	251.06	6.33	250304.44	29792.4	37649.17	1519.25	639.8	119
black	5	346.31	5	12.68	6487.72	303.4	1343.6	52.5	594.45	10.33	153179.78	21906.2	10412.52	2390	1725.69	335.33
blood	5	148.31	4	9.71	7121.43	325.4	868.33	39.25	331.37	8	209801.55	25549.6	9323.81	1706.75	1671.39	182.67
board	5	85.43	3	8.37	11589.88	452	1064.52	47.5	217.13	6.33	236104.51	29266	12084.78	1992.75	1223.88	310.67
books	5	156.82	12	13.62	10217.49	646.8	759.59	71.5	262.68	8.67	201483.73	26633	5960.74	1003.25	1259.42	149
bound	5	55.98	7	150.83	11312.56	407.4	3060.47	50.75	945.86	8.33	192093.09	24491.8	27024.62	2462	4227.38	436.67
brain	5	69.55	6	20.33	7445.96	342.6	1188.28	54	481.22	13	256625.59	35823.2	28412.78	5121.5	2469.78	358.67
bread	5	76.98	6	30.17	9094.44	344.6	1289.31	45	509.44	9.33	275736.55	35298.4	25638.01	3138.25	3677.07	420.33
break	5	103.7	6	17.23	7188.57	297.4	1286.47	43.75	526.75	10	248681.26	32077.4	22774	2850.25	2850	364
bring	5	181.33	5	172.34	8406.56	314.2	2784.74	66.25	1143.27	15.33	197072.21	30785.2	35020.91	6782	11538.3	2765
broke	5	69.19	2	4.88	9040.84	382	901.97	44.75	185.26	6.33	236950.39	30363.2	10081.51	1603	827.5	123.33
brown	5	85.73	7	16.74	6190.52	282	1040.53	46.75	347.68	10.67	202273.51	25418.8	10781.92	1477	1881.06	197.67
build	5	71.15	2	67.43	9684.12	375.8	2555.75	34	321.38	4	165217.35	25599	9301.35	1153.75	925.25	64
built	5	129.69	3	37.76	9631.59	364.2	1086.31	35	208.86	4.67	210372.47	29007	7261.69	1181	464.38	61.33
calls	5	52.53	13	13.6	9053.28	666	783.89	82	250.72	21.67	220445.07	34815.6	18063.03	3097.5	4730.84	802.67
carry	5	98.76	5	15.11	7908.6	470.4	1114.6	59	260.18	12	212793.59	30459.2	15078.1	2487.25	1296.94	263
cases	5	110.48	15	5.04	10134.38	769.4	1330.87	125	181.35	13	309431.88	45945.2	28110.56	5312.5	1482.94	391.67
catch	5	72.16	7	28.8	7141.39	350.8	1733.45	56.25	242.12	11.33	250390.33	27552	20078.6	3465	1179.09	435.67
cause	5	125.59	2	13.36	10766.96	440.6	1523.49	48.75	342.92	5.33	280267.51	39467.4	15869.4	2560	2470.44	196.67
chair	5	110.66	2	20.32	11266.38	329.4	1615.6	40.25	162.79	8	258289.97	32931.6	20078.73	1856	1575.37	284.67
check	5	58.01	4	7.63	10432.08	252.8	2860.66	41.25	110.3	5	206081.08	25241.2	38382.46	2337.75	976.99	319
chief	5	105.54	1	6.43	12148.24	408.4	2175.19	40.25	310.93	8.33	256578.01	30951.4	15762.87	2280	1159.2	271
child	5	435.73	2	8.6	13265.18	344.6	4170.47	45.5	750.03	8	200644.38	26789.2	18426.78	1915.25	2182.95	276
china	5	66.22	3	1.29	10414.55	298.4	3131.22	54	689.07	10.67	267053.63	32837.8	33781.11	4952.5	3441.77	558.33
civil	5	66.04	2	3.51	6054.98	282	481.68	18.5	85.65	3.67	187732.51	30878.4	9086.67	1688.5	708.1	116.33
claim	5	74.66	0	0	6069.78	305	1120.25	40.5	174.06	7	215320.84	31399.2	10737.33	1848.75	636.81	145.33
class	5	203.29	8	19.65	9022.54	597	1261.1	50	379.27	10.33	239182.54	39120	15722.48	2623.5	1635.81	337
clean	5	90.85	3	78.85	7615.54	294.6	1310.3	41.75	279.12	7.67	295292.69	39244.8	30252.59	3699.75	2040.52	234
clear	5	234.76	2	46.08	8706.69	310.4	1085.03	40.5	328.08	8	286529.04	39338.6	22425.36	3481.75	3610.52	337
close	5	209.06	3	12.1	10036.45	371.6	2096.27	52.25	656.72	9.33	278963.54	39926.6	13621.4	2109.5	1684.5	204
comes	5	176.28	15	4.43	12181.73	751.8	2242.79	124.5	558.82	12.33	265499.48	37006.2	25913.12	5142.25	4770.29	420.67
costs	5	91.44	8	4.96	9370.27	639	1122.88	88.75	139.27	9.67	271881.46	39180.6	18393.25	3709	1400.06	315.33
could	5	1906.39	2	1462.12	12069.67	410.4	5582.54	48.5	3938.35	6	178824.5	24990.4	21529.6	2426.75	5509.09	149.67
count	5	80.79	3	50.95	11533.03	402	3602.57	62.25	1312.15	11.67	247315.37	30306.8	26261.16	3628	3944.95	401.67
court	5	128.09	1	80.79	11480.82	390.2	3111.09	51.5	892.23	7.33	238551.71	30400.6	22535.84	2816.75	4057.07	286.33
cover	5	105.9	12	3.22	11756.17	487	3350.36	94	607.3	14.67	249016.64	32881.8	30427.45	4729.5	5104.78	606.67
cried	5	51.46	7	39.36	12056.61	508.8	1420.92	107.75	285.8	12	270532.83	39006.8	18808.98	4390.5	1810.31	382.33
cross	5	53.01	6	9.71	9417.31	590.2	1196.16	48.5	119.56	8.67	242023.76	39408	11702.02	2515	1031.33	252
crowd	5	51.34	2	13.95	7708.13	324.4	824.9	45	164.32	9	188279.58	24284.2	10054.78	1540.75	725	175
daily	5	83.29	6	8.59	9060.47	459.8	1111.28	51.25	118.19	7	220681.42	29973.8	12290.33	2105.25	751.37	190.67
death	5	233.15	2	19.19	7176.54	371.6	1708.54	56.25	274.48	7	341274.43	35431.6	54524.09	4067	2374.89	274.67
doing	5	270.87	2	376.17	10144.23	358.4	2759.93	48.75	1483.97	10.33	233139.29	31693.4	31800.23	5626.5	10709.43	2420.67
doors	5	60.39	4	1.31	11289.37	637.2	918.09	57	63.6	2.67	263858.31	35607	17257.75	2549.25	869.05	194.67
doubt	5	150.64	0	0	8805.28	323.6	2321.1	31.25	154.44	1.67	213187.14	24358.2	12915.29	1229	414.63	53
dozen	5	60.15	3	1.29	9260.2	430	750	28.5	62.96	3.33	260085.52	31795.2	13567.15	2034.75	124.44	23.33
drawn	5	66.22	6	6.04	5737.62	286.8	675.08	44.75	109.84	9	234026.24	29250.6	6649.05	1620.75	417.18	105.67
dream	5	59.97	4	12.9	6142.53	262.6	1233.67	40.75	469.48	8.33	283019.68	36128.8	23662.92	3022.25	3010.02	317.33
dress	5	88.41	5	28.32	9399.21	547.2	1335.14	36.75	260.76	6.67	291610.52	45151	27239.08	5777.5	4691.68	1261.33
drink	5	123.15	4	20.39	7580.52	307.6	2032.15	62.75	527.64	9.67	206518.66	30579.6	26489.86	4838.5	1842.39	443.33
drive	5	90.49	1	66.75	9231.74	338	907.56	47.75	185.5	6	255431.36	35608	14959.83	2573	2387.05	393.33
drove	5	66.75	5	32.97	8406.41	332	1009.49	47	212.07	7.33	258971.36	32592.4	15101.88	2019	2192.05	324.33
early	5	325.6	1	1.07	7551.76	423.6	1207.18	48.75	384.5	3.67	279150.88	36626	19558.35	2890	2879.97	228.33
earth	5	162	0	0	6392.76	367.8	1357.3	46.75	552.53	8.33	356571.85	39067	48746.4	2772	3731.51	379.33
eight	5	98.4	9	274.2	6061.29	218.8	2030.65	12.5	1775.07	8.33	309523.69	35835.2	7593.67	812.5	4011.81	384.67
empty	5	86.32	0	0	3115.04	231.4	294.5	18.5	86.32	1	234903.72	28347	6501.04	1127.25	574.11	90
ended	5	57.41	0	0	7569.6	336.6	1299.77	80.25	303.16	6	332423.24	41640.4	37964.21	5069.5	2865.77	589.67
enemy	5	52.06	1	0.48	5355.23	243.8	216.52	15.25	52.37	1.67	302351.65	37930	20708.21	3033.5	854.18	211.33
enjoy	5	66.16	1	1.84	2502.96	187.6	164.74	6	66.16	1	243272.14	29162.2	12015.57	1665.25	189.6	21.33
equal	5	61.16	0	0	4409.46	165.8	401.68	17.5	102.9	3	239004.45	30856	9931.57	1726.75	1372.74	238
event	5	59.85	1	0	8017.42	219.2	816.75	22.25	309.88	4.33	352522.18	41939	27905.11	3618.25	8461.85	931.33
every	5	546.44	1	0.65	6667.49	248.6	1887.97	24.5	574.42	5	281270.53	36201.6	27747.9	3889	6657.3	518.33
exist	5	62.59	0	0	7458.67	218	707.22	24	89.4	4.67	297966.72	40488.6	18512.15	3126.25	1627.48	505.33
extra	5	80.32	0	0	3496.51	142.6	136.22	9.75	80.47	1.33	309072.22	36885	9038.88	2292.25	1765.33	417
faces	5	68.18	13	11.16	9706.54	733.4	1168.73	108.5	144.88	8.33	275653.38	37344.6	18483.02	4340	2184.14	298.67
facts	5	61.28	4	17.31	7079.57	615.4	501.38	69.5	102.01	4	249833.83	32294.2	9758.7	1825.75	1877.59	219.67
faith	5	50.87	1	1.19	8418.79	406	1030.12	44	89.26	5	283786.68	29751.8	45933.1	1923.25	3309.2	93
feels	5	51.16	7	6.61	11288.35	592.2	614.66	55	73.81	5.33	314234.59	43006.6	11090.79	1582	961.58	116.33
field	5	129.52	3	6.78	10852.89	353.6	2229.54	25.75	144.53	3.33	251599.75	34052.2	11964.13	2093.25	511.26	152
fifty	5	72.28	2	13.39	5158.13	339	771.03	33	101.63	5	193406.3	22282.4	6054.16	893	273.01	40.33
fight	5	97.87	9	274.26	6633.35	248	2489.34	22.5	1774.89	8.33	224233.31	24713.8	8236.71	1041	3938.82	360.67
final	5	114.41	0	0	5597.04	312.6	1132.82	51.25	139.67	6.33	247759.66	33275.6	31753.81	5357.75	2028.74	406.67
first	5	1210.08	0	0	8407.68	336.2	1853	36.75	1266.06	4	259815.09	36941.6	16490.05	3198.25	1672.38	115.67
fixed	5	57.59	7	13.16	9116.07	424.8	1275.21	82.5	95.94	7.33	219033.09	28480	12338.47	2251.75	127.47	35.67
flesh	5	55.21	3	34.8	7901.84	258	828.11	35.5	89.28	3	258918.23	32791.2	19828.92	5116.75	1200.84	487.33
floor	5	168.19	3	14.34	6919.88	285	851.73	45.75	267.96	7.33	230805.13	28639.6	15882.72	2268.75	1250.46	140.67
force	5	167.41	3	2.97	11918.58	422.4	1482.54	40.75	244.28	5.67	259757.13	33328.2	18457.85	2069	4836.68	246.33
forms	5	92.51	10	6.69	9497.69	612.4	1132.97	47.75	265.56	10	205461.24	29230.8	14971.52	1655.5	5091.51	285
found	5	490.81	8	77.72	11264.47	387.4	3156.61	44.5	1090.88	8.33	197799.25	23946.4	28952.01	2361.75	3579.96	405.67
fresh	5	73.83	1	55.21	8409.13	278	1133.13	35.25	179.13	5.33	273490.32	34793.4	28650.57	5486	2528.98	528.33
front	5	263.08	2	4.22	9125.86	339.2	1346.71	50	350.13	7.33	267953.37	31530	26343.12	3941	2820.77	281.33
fruit	5	59.49	0	0	8260.42	290.8	380.11	26.25	59.65	2	230650.72	30463.8	13154.04	1536.75	432.21	92.33
fully	5	72.22	7	3.34	5712.48	359	568.19	53.5	156.43	15	126513.34	18822	13334.69	2345.5	2164.64	527.67
games	5	64.13	12	8.89	9771.3	730.4	1367.46	114.5	332.8	11.67	270705.19	37533.2	19148.38	4325	1739.03	192.33
girls	5	165.75	2	1.9	9554.89	591.8	1152.66	43.75	168.98	3.33	213221.14	36932	5622.79	1005.5	421.88	44.33
given	5	334.71	3	29.91	8184.45	392	1651.22	40.5	588.38	10.67	247715.14	34616.4	21383.01	2897.75	3248.32	464.33
gives	5	87.22	10	50.84	9806.5	662.2	2012.64	114	554.31	16.33	243116.87	37012.4	19255.37	4337.75	2759.91	444.33
glass	5	130.41	3	97.77	8474.98	563.2	1031.49	44	325.33	8	232657.38	37932.8	15085.75	2617.75	1487.56	289.33
going	5	709.45	1	270.87	10435.09	352.8	2812.95	45	1630.06	10	216659.42	30795.6	31294.61	5535.25	10859.67	2424.33
goods	5	52.35	9	9.79	10121.02	613.2	863.09	56	115.38	8.33	232081.01	31073.8	6601.12	1022.75	1222.04	117.33
grass	5	86.98	8	25.09	8982.27	583.2	1201.89	56.75	297.58	11	247229.47	39935	16654.42	3110.75	1482.36	428
great	5	639.73	3	15.27	8767.35	305.4	1607.14	45.5	912.1	9.67	324433.67	39926.2	33401.86	4619.25	4254.43	431.33
greek	5	56.99	4	46.33	9598.17	407	1184.28	40.75	459.54	8.67	280124.43	37615.4	19820.08	2505.75	1850.48	205.67
green	5	154.03	4	18.62	10259.43	418	1708.68	49.25	494.11	8.67	331240.8	44378	30831.63	3996.75	3116.55	236
group	5	306.33	1	1.25	5338.52	243.2	1651.21	42.25	374.94	6.33	169304.13	24814.4	18530.81	2175.75	2081.95	207.67
grown	5	58.18	8	19.63	5915.96	254.4	1235.02	46.75	420.12	11.33	205815.5	26638.6	11198.19	1538.25	2040.31	195
guess	5	60.27	1	25.46	8838.28	543.8	765.09	21.5	163.8	4.33	250131.65	40077.6	13416	4165	2532.21	875
hands	5	297.35	9	5.68	6686.76	607	972.35	66.75	421.07	13.67	268668.51	33044.4	38261.9	2822.25	12881.68	491.33
happy	5	133.98	5	0.36	4107.13	355.2	349.59	30	139.87	5.67	172677.16	19160	12324.29	1088.75	1347.85	152.67
heads	5	68.83	11	7.78	8244.81	592.8	1725.04	62.75	370.18	10.33	315582.11	37961.2	40588.52	2056	2036.77	289.33
heard	5	283.78	4	46.05	9326.59	377.2	2006.61	55.5	917.62	13.67	311416.73	35659	45199.21	2859.75	3918.47	489.67
heart	5	149.98	2	146.68	9274.06	365.6	2080.83	56.25	934.97	12.67	356571.85	39067	46333.92	2988.5	4198.01	445.33
heavy	5	136.48	2	4.34	6270.04	366.4	1338.36	39.5	401.54	5.67	253730.25	26491	37561.01	1561.25	1178.79	158.67
hills	5	51.28	15	5.39	8321.83	568	584.83	69.5	240.45	21	230787.23	34070.6	17376.14	2160.5	2703.27	313.67
hoped	5	61.58	11	3.81	10858.31	472	1181.93	94	106.93	12.33	266821.13	29318.4	20485.71	3328.25	1296.07	220.33
horse	5	87.87	8	82.86	11556.88	414.6	2377.81	54.75	200.43	8.67	319148.66	39882.4	24799.62	3245.25	1361.97	343.33
hotel	5	125.59	2	4.05	10101.43	452.8	1426.93	49.5	179.27	6	330268.89	35350.6	21681.35	3475.75	1225.59	201.67
hours	5	219.65	7	8.08	11249.49	595.6	2884.64	52	491.39	8.67	238472.41	30883.8	23049.62	2747.25	4611.2	286.67
house	5	563.93	6	16.74	11968.53	388	3676.95	53	707.51	8.33	294149.66	35706.8	26455.39	2809.5	4396.87	644.67
human	5	308.17	0	0	4059.34	240.2	698.4	24.75	439.71	4.33	226765.4	25279.4	21539.3	2515	1886.56	280.67
ideas	5	123.98	1	47.71	7166.89	446	686.8	26.5	203.78	3	327726.43	45159.8	22530.94	2726.25	3038.47	303
image	5	74.84	0	0	6967.99	271	461.72	19.75	122.4	2.67	279045.02	37037.2	11528.83	1871.5	1536.86	265.33
india	5	60.92	0	0	2533.05	132.6	292.9	12.5	81.07	2.33	289152.66	39747	36013.33	5198.75	2165.38	376
issue	5	90.9	0	0	5281.77	184	150.96	6.5	91.14	1.33	294414.16	46417	14412.55	2560.5	662.83	125.33
judge	5	55.92	3	1.76	5387.46	265.6	302.04	25.25	83.45	7.67	179019.85	24179.8	4418.02	796.75	409.94	118
kinds	5	61.63	9	12.45	6115.64	527	901.21	60	277.16	13	210684.04	32881.8	33620.49	4385.25	3023.22	436
kitty	5	54.26	4	1.77	5231.64	332.2	351.48	35.5	71.63	9	240137.55	27795.4	13747.75	1678	769.3	99.67
knees	5	56.46	2	1.67	10278.16	602.6	1345.92	102.75	105.92	5.33	324830.75	44357	19385.8	4459.75	732.99	96.33
known	5	260.58	1	127.2	4312.64	168.8	617.55	21.75	456.55	7	204003.73	24221.6	9270.49	708	2994.49	109.33
knows	5	127.2	4	68.67	5934.69	439	548.14	26	358.03	9	199405.46	26617.6	8646.15	716.5	2053.89	99.33
large	5	369.33	4	1.26	8600.4	423.6	1076.95	56.75	389.06	8	280003.88	38151.4	15572.72	2705	1491.13	214.33
later	5	431.02	10	47.72	9807.13	488	3310.65	93.25	1282.8	17.33	341638.87	42457.2	39585.85	7363.75	6704.28	1826
laugh	5	51.52	2	0.06	6378.21	324.4	425.6	29.25	86.76	4.67	199688.52	23760.4	8479.47	1427.25	1911.34	127.67
learn	5	113.51	1	1.43	8262.59	348.8	1941.92	55.75	843.82	12.67	320544.83	42590.8	22526.22	3443.25	3317.77	300
least	5	357.55	7	9.41	9047.28	364.4	2057.11	56.25	565.24	11	345804.25	44759.4	29611.26	4350	3268.99	424
leave	5	241.96	3	4.22	9304.76	380	1630.15	50	502.36	10.67	327104.81	40762.8	22209.05	2961.25	3401.66	231.33
legal	5	63.3	1	1.84	5546.03	264	887.56	30.5	190.91	3.67	265431.79	36149.2	16530.55	3050.75	597.82	148.67
level	5	186.03	4	2.22	8012.54	398.8	1436.1	43	555.76	7	284756.64	38255.8	20445.13	3010	3183.66	246.33
light	5	298.54	9	251.96	6473.75	241.8	2249.44	23.5	1841.78	8.33	239274.35	29010	11176.79	1916	4202.49	420.33
liked	5	100.25	8	23.7	9190.36	422.6	1339.7	90.25	306.05	11.33	238860.17	33494.2	18367.56	3453.25	2499.49	153.67
lines	5	83.41	19	13.86	10040.45	713	1662.45	133.75	187.38	19.67	309439.34	46194.4	39802.94	8485.25	3107.45	1362
lived	5	141.59	12	29.46	9495.93	429.6	1886.1	99.5	547.29	13	240859.27	33605.8	24062.38	4139.5	2685.64	380.33
lives	5	131.6	14	29.79	9873.37	663.6	2091.97	122	509.6	16.67	260322.07	39543.4	23145.27	5280.5	2726.49	463.67
local	5	243.8	3	6.76	6806.8	308.2	690.9	36.5	253.56	4.67	232324.9	31304	16043.28	2941	1499.24	416.33
looks	5	112.14	10	18.96	10009.8	620.6	811.94	69.5	245.49	7	222230.93	30383.8	7313.47	1268.5	1767.53	141.67
loved	5	83.29	10	37.2	11428.94	475	1732.8	99.25	369.65	12.33	244399.27	30590.2	21995.16	3385.25	2486.5	282
lower	5	100.13	12	34.45	10819.72	450	2344.61	79.5	387.5	12.67	269934.3	34086.4	26667.79	3838.25	2956.93	217.67
lunch	5	78.47	6	5.42	5141.26	270.4	1401.83	42.25	123.25	8.67	187201.25	24349	11271.54	2116.25	662.31	242
lying	5	79.36	3	16.26	6751.37	217	2220.61	33.75	995.47	9	185189.12	28477.4	33601.73	6192.25	10443.56	2450.67
major	5	186.33	2	11.24	5504.4	300	479.14	23.75	186.33	1	211201.45	26073.8	13871.97	1779.25	274.44	17
makes	5	177.05	18	10.16	9601.3	718.2	1680.77	121	439.35	17	260129.77	35210	16916.81	4128.5	1639.6	160
march	5	64.25	4	17.4	7225.64	359.8	1871.64	63.25	109.33	6.67	217748.61	26202.8	17473.01	2726.5	1045.23	272.33
match	5	58.72	8	34.91	6624.06	322.2	1781.57	55.75	241.2	12	247606.31	25975.4	20222.49	3295.75	1210.74	353
maybe	5	130.71	0	0	6904.09	338.8	343.76	23	136.69	2.33	230367.53	27952.6	11844.26	1228	493.27	21.33
means	5	256.53	10	22.32	9900.21	634.6	1604.65	71.5	424.86	11	311246.14	41972.6	32192.1	3707.25	1441.17	309.33
meant	5	145.46	2	132.73	9470.25	389	1793.97	59.25	395.11	8	336938.46	39443	36475.45	3973.5	2266.12	426.33
might	5	731.17	9	203.89	6437.12	245.6	2276.42	23.5	1985.99	8.33	225810.28	26089.6	8513.9	1267.5	4064.51	358.67
miles	5	139.75	17	4.51	9713.5	708.6	1432.81	126.25	263.16	18	272639.53	41365.6	21816.17	5533.75	2264.37	561.67
model	5	53.25	4	3.7	9695.7	451.2	885.73	47.75	61.69	5.33	256716.72	32412.4	13908.59	2379	527.13	151
money	5	386.52	2	10.53	10209.13	557.8	796.76	52	461.37	7.33	262719.6	31897.6	22116.93	3265.25	3088.92	333
month	5	89.24	1	140.46	7802.44	373	982.88	49.5	225.32	3.33	269891.23	27513.4	53619.87	3770.75	1625.82	302.33
moral	5	64.01	3	2.06	8162.82	364.8	1267.75	54.25	86.64	5.33	244112.98	31729.6	24292.35	3950	2001.24	280.67
mouth	5	140.46	4	87.42	9043.09	355.6	2966.35	49.25	390.97	8	236128.58	23431.6	49091.53	2094.5	2951.93	267.67
moved	5	182.05	7	17.04	11392.3	478.8	1826.89	101.5	408.91	12.33	230935.2	27669.8	21612.42	3169.75	2580.62	273
music	5	128.5	0	0	3190.43	221.2	316.08	27.5	165.49	3.33	181283.23	31023.2	13245.28	2408.25	1047.37	125
named	5	55.92	6	20.5	9093.73	472.6	1189.36	88	155.22	9.67	291783.34	36035	20778.35	3462.75	1853.04	216.33
names	5	73.95	7	17.42	9471.16	706.6	1395.24	110.5	353.88	10.33	311246.14	41972.6	19861.24	4603.75	1819.43	195.67
needs	5	163.55	8	6.65	8766.21	533.8	971.16	47.25	202.04	8.33	351886.04	47578	20709.59	3518.75	1097.56	127.33
never	5	906.25	4	10.53	9033.48	388.6	3139.18	74	1122.67	9.67	322664.48	42166.4	31510.99	4759.25	6048.03	465.33
night	5	436.14	9	236.67	6106.74	216.6	2120.11	16	1887.82	8.67	262610.09	30918.4	8482.18	1343	4027.52	376
noise	5	61.93	4	4.42	12824.46	406.2	1688.72	38	99.33	4.67	340056.64	46987.2	20622.17	2532.75	657.63	168.67
north	5	145.64	2	70.86	8301.07	353.2	1422.68	43	348.33	7.33	297927.39	32436	47813.9	2255.75	1896.47	292.67
notes	5	52.89	7	11.64	11833.87	704.8	1957.8	115.5	209.95	13.33	357409.13	44953.6	25600.3	5566	3367.01	468.33
offer	5	102.09	0	0	7061.7	273.6	2044.14	50.5	108.36	3.33	255396.14	30375.8	27683.47	3255.5	1732.85	190.67
often	5	469.4	0	0	6885.24	287.2	1937.35	29	877.32	1.67	323630.62	36353	28680.17	3560.25	2013.04	249
older	5	102.27	5	57.27	8069.55	348.6	2252.71	62.5	408.26	6.67	284752.88	37335	27049.08	4451.5	2354.39	436
order	5	269.98	2	51.7	8576.84	368.6	2336.04	63.25	514.75	5.33	299324.97	39337.2	32387.84	5116	2342.25	452.67
other	5	1596.96	2	5.68	8003.64	285.6	3052.26	49.75	1599.4	2	344840.98	37352.8	81081.15	4357	35854.98	506.33
ought	5	91.02	1	0.06	5011.51	195.6	1404.13	12.5	946.45	5	232387.44	23821	15786.73	1284.75	4970.34	289.67
paper	5	173.42	7	1.19	9030.85	495.2	2322.83	86.5	206.3	10	260623.81	35434	23768.65	4282.5	2012.5	429.33
paris	5	62.05	7	16.66	8567.62	658.8	838.45	57.75	230	7	254481.88	39345.8	24046.35	4168	2312.09	554.33
parts	5	101.85	16	30.24	8320.88	685.4	1305.18	99.75	453.02	13	271834.37	37312.2	15489.16	2699.5	2741.63	360.67
party	5	373.5	7	15.3	6593.2	481	1250.54	66	555.68	9.67	235038.7	28951.4	14544.09	2297.5	2785.53	323
peace	5	90.73	3	184.55	10633.42	428.6	1989.63	53.25	413.42	7.67	323913.65	41537.4	17907.74	2581	1742.88	180.33
peter	5	63.06	3	3.71	9803.26	458.2	2780.36	80.75	806.05	9.67	351247.41	44151.2	31805.4	5950.25	3801.23	891.67
phone	5	79.07	2	11.42	12987.19	368.2	1164.57	32.25	199.84	5.67	290882.21	32860	23121.95	3521.25	2602.67	321.67
piece	5	113.51	1	4.7	11283.2	382.4	776.47	28.25	118.79	2.67	308642.78	42838.8	11419.62	2443.75	575.49	141.67
place	5	544.72	5	35.27	9698.03	383.2	1666.76	48	867.42	9.67	253664.31	34712.2	13609.16	2396.25	2325.51	323
plain	5	54.61	3	2.24	6739.23	319.8	1392.37	44	703.88	11.33	244508.06	34947.6	28850.77	4779.25	3057.91	363.67
plans	5	67.94	6	27.79	9009.71	608.8	1191.4	67.25	500.53	15.67	236168.23	35443.6	24739.09	3523.5	2249.56	521
plant	5	73.12	5	24.06	8579.75	363.2	1380.72	55	470.79	12.67	261860.55	32914	29022.43	3789.75	3074.51	638
point	5	364.15	3	35.76	12102.93	428.6	2186.6	52	773.72	7.33	277206.98	35008.2	30539.65	5013.5	2791.24	384
power	5	328.04	10	16.03	10827.98	473.4	2363.01	79.5	462.16	12	251641.67	31462.2	25836.88	3692.5	2447.53	144.33
press	5	136.83	5	18.1	9765.2	566.4	1283.96	36.5	253.06	6.33	274043.22	44160	29099.21	6164.75	5363.35	1481
price	5	91.56	5	26.3	10918.13	382.4	2122.09	49.25	294.91	9.67	252965.53	38015.8	16796.71	3394	2095.63	367.67
prime	5	65.44	7	28.98	9623.68	373.8	651.37	43	170.31	10	250181.51	36439.2	17334.89	2940	1835.35	257.67
prove	5	64.01	8	11.91	8772.4	351.2	958.31	46.75	234.78	10.33	241404.06	31601.4	16962.01	2406.25	3762.08	568
quick	5	69.49	2	0.8	5966.5	241.4	1731.33	34.5	336.41	9.33	115023.57	19134.2	7764.5	1813	1092.82	279.67
quiet	5	86.8	2	10.98	9989.76	429.8	678.38	34.75	275.35	5	268163.38	33932.2	7983.57	1975.75	922.99	172
quite	5	470.05	4	6.62	8919.19	358.8	1207.4	35	738.74	8.67	268163.38	33932.2	19755.23	3227.5	1817.76	320
radio	5	73.59	2	6.81	4411.28	296	265.71	26.75	77.3	3	283929.01	36825.2	15610.66	3476	708.66	193.33
ralph	5	50.87	0	0	4567.1	332.2	343.23	33.25	55.84	1.67	223600.08	27842.8	12659.17	2808.25	711.83	128
range	5	98.82	2	0.03	7563.69	414	659.14	59	117.26	10.67	303339.62	40059.8	32470.42	5213.5	2382.03	545.67
rates	5	71.57	16	5.41	10130.32	742	2257.32	130	485.6	18	360376.34	46761.6	32963.79	7975.5	4313.68	1548
reach	5	94.59	8	17.13	7783.63	332.2	2554.71	64.75	272.93	8.33	301462.01	35948.4	28599.71	3745.5	3602.5	355.33
ready	5	129.34	4	5.09	6490.04	395.8	1310.37	53.25	221.43	7.67	278425.55	34992.8	25112.32	2939.5	3646.19	351
right	5	758.53	9	200.85	6266.05	241.4	2275.84	20.25	2003.22	8.67	253846.44	31012.2	11155.37	2003	4284.35	401.33
river	5	113.57	13	2.48	9134.78	408.8	3050.27	82	741.82	15.67	270728.78	39243.4	30391.44	5164.25	5375.67	720
rooms	5	79.72	10	5.25	9759.04	608.8	654.54	52.25	105.12	6.67	251119.58	34319.8	13502.61	1913.25	707.96	169
round	5	322.51	7	112.76	10897.17	380.8	3128.81	48	1062.88	9.33	227412.38	30244.8	30565.21	3014.5	4594.58	514
royal	5	74.31	1	11.54	6487.58	290.2	587.95	29.5	82	1.67	239518.84	30593.6	13713.04	2229.25	172.53	29.67
rules	5	70.62	8	6.5	8320.56	685.8	1152.6	115.5	213.52	13.67	263171.48	40306.4	19748.46	5114.75	1169.85	446.67
scale	5	70.68	6	3.42	11070.92	420.2	821.33	35.75	88.55	7.67	290694.41	41640.8	19436	3829	1621.14	496.33
scene	5	90.55	2	7.73	11294.62	381.8	392.41	28.5	100.54	1.67	341931.33	47867.4	22536.79	3601	1623.62	383.33
seems	5	230.18	8	6.22	10262.52	638.2	713.84	41.75	258.75	5	334549.04	48686.8	14419.81	1792	1537.57	66
sense	5	270.93	3	10.33	10383.95	457	1483.1	43.75	297.48	4.67	371348.85	53515.6	28214.4	4154.5	1597.12	339.33
serve	5	69.37	4	4.45	9914.04	434.8	597.2	38.25	86.72	5.33	318066.2	44562.4	30925.46	4448	1228.55	234.67
seven	5	117.2	2	1.7	9659.79	482.6	1764.79	42.25	612.1	6	326829.85	44468.6	27599.54	3310.25	3716.43	254
shall	5	224.29	6	96.11	11880.73	382.2	1362.06	50	525.48	10.67	246058.1	32769.2	26173.94	3049	4092.13	589.67
shape	5	66.45	6	28.63	12635.63	423.2	686.38	44	237.5	10.33	298014.8	36970.2	18166.41	2111	1136.17	173.67
share	5	91.32	15	20.68	14389.69	444.4	2458.46	62	346.03	14.33	330879.53	41596.6	35639.86	4046.5	3367.9	314
sharp	5	59.97	4	26.5	10581.53	351.4	1298.71	53	277.57	12	242337.55	32147.2	21529.59	2362.25	983.93	245.33
shock	5	55.63	6	23.83	10481.52	319.8	1320.47	46.5	328.98	10	195866.56	24857	11116.44	1761.5	1340.21	233.33
shoes	5	67.88	6	21.86	14934.74	753.8	1919.83	117	279.04	7.67	323314.04	42184.6	17899.04	4086	1271.9	130.33
shook	5	72.34	5	16.17	9321.87	321.4	1206.2	41.5	293.36	8.67	237163.9	26993.6	12130.84	1551.75	2227.63	218
short	5	194.36	7	21.49	12720.76	370.6	1409.26	44.5	387.81	9.67	293329.11	34832	20475.43	2490.25	2509.92	377
shown	5	84	5	14.1	9789.54	305.2	1364.65	42.75	469.62	10.67	242119.06	28081.6	12873.56	1391.25	2860.81	172
shows	5	68.36	13	17.07	11411.59	575.4	1295.23	47	371.1	12.67	237520.78	30477.6	12249.23	1399.75	1920.21	162
sides	5	67.46	12	4.97	11068.63	756	1544.68	114.25	108.53	13.33	304115.73	46957.2	20990.49	5025.75	2762.55	400.33
sight	5	97.45	10	247.15	7824.2	326.4	2233.51	21.25	1794	9	258011.82	33314.4	10009.06	1363.25	4096.49	392.67
signs	5	54.97	1	2.8	9709.67	624.8	1108.87	37.75	88.39	1.67	240722.26	41142.6	9366.48	2033.75	732.43	135
since	5	513.01	3	1.65	10347.42	446.2	1289.79	49.5	560.16	8.67	298759.29	44850.6	31043.38	5050.5	3899.06	609.67
sleep	5	125.17	6	13.93	10109.78	462.6	567.81	36.75	176.46	7	310983	44678.6	12387.72	2278	641.37	134
small	5	531.63	3	98.4	8193.35	346.6	1108.23	23.5	620.37	2.67	217661.05	33239	17754.2	2866.5	4163.46	557.67
smell	5	63.54	5	119.83	8901.15	305	811.7	20.75	91.86	4	245562.22	37557.2	16998.7	2390.25	1300.35	268.67
smile	5	98.58	2	0.68	11951.44	396.6	1359.54	31	332.84	4.33	272639.53	41365.6	13310.75	2774.5	1418.51	192
smoke	5	59.08	4	31.62	8952.49	369.6	539.29	16.5	132.07	5	248398.9	33495.8	7094.57	1056.25	542.59	87
sorry	5	103.46	2	41.47	10641.22	510.2	1229.72	44.5	251.56	8	230480.23	34393.2	15670.3	1786.25	703.36	137
sound	5	167.23	7	134.94	12455.32	465.8	3086.93	44.75	1051.79	9	231577.76	32547	28459.08	2416	3524.75	417
south	5	196.86	4	51.03	10430.18	436.4	2846.37	43	452.76	7.33	268330.12	30656.4	49556	1998.75	2959.94	239
space	5	128.15	6	7.87	10327.01	402.6	1290.64	40.25	387.58	8	272401.78	39016.6	11670.99	2016	1148.37	188.67
speak	5	122.08	4	5.98	7110.82	294	973.45	36.5	284.91	7.33	255301.2	35506.2	12474.16	1862.75	1468.22	218.33
speed	5	77.4	3	28.14	11700.86	478.4	1356.7	93	222.09	7.67	310257.67	43045.4	18904.98	3247	1507.65	210.33
spend	5	82.34	3	73.06	9969.06	352.6	881.28	34.25	273.73	7.33	263344.07	38128.6	27757.51	3247.5	2462.37	397.33
spent	5	141.77	3	33.53	9916.53	341	891.23	38.75	322.77	7	308499.19	41536.6	23559.5	3741.75	6383	916.33
spite	5	52	8	4.86	10582.76	416.6	1049.03	41.25	403.36	9	312240.75	43436.6	20386.26	3533.75	1448.01	294.33
spoke	5	119.46	6	10.68	8963.1	378.6	545.3	30.25	194.1	7	243570.33	33792	7498.48	1275.5	844.2	146.33
staff	5	116.19	2	45.07	5740.11	284	1240.94	36.75	431.1	9.33	245472.84	29341.8	13965.39	2718.5	1893	327.67
stage	5	137.07	7	49.32	9786.08	400.4	1419.32	45.75	471.92	10.67	328599.05	42228.4	16828.04	3250.75	2826.58	464
stand	5	138.5	2	1.93	10016.04	397	1793.38	51.25	467.87	10.67	298165.32	38209.4	39696.55	4523	13324.7	674.33
stars	5	53.13	11	22.62	10341.27	619.2	2173.3	63.75	814.22	16.67	308864.47	44240.8	23686.44	4484	2721.28	455.67
start	5	199.54	4	25.43	9911.3	373.6	2038	52.75	612.76	11.33	334556.79	41711.2	22928.33	4020.5	3450.06	526.33
state	5	301.03	8	23.8	10624.74	440.2	1771.22	50.25	573.13	12.33	390234.05	46534.2	31788.81	6145.5	4833.33	1275.33
steps	5	72.46	7	5.05	9295	556.4	1107.04	55	151.17	9.33	303900.92	43932.6	18460.85	3971.75	1354.09	347.33
stick	5	54.08	6	21.02	8384.86	302	2410.66	44.5	444.55	7.67	221823.37	33037.6	22301.99	5074	2795.27	787.67
still	5	923.92	6	8.65	9671.55	337.6	2250.91	46.25	979.95	8.33	260284.04	39235.6	25324.27	5120	3599.65	595.33
stock	5	63.9	6	27.58	7559.53	296	1380.41	45.25	335.76	10.67	225363.37	30022	20724.88	2913.75	1108.61	315.33
stone	5	88.88	8	13.91	11407.39	405.6	1591.12	48.25	408.04	12	357409.13	44953.6	35718.64	4995.5	3224.21	418.33
stood	5	224.88	3	4.24	8305.76	344.8	1344.58	40.5	447.35	9.67	293716.01	35379.6	22256.45	2829.75	2157.39	254.33
store	5	57.59	13	29.8	11355.18	393.8	2403.17	48.75	363.28	12	348645.47	45047.4	41890.99	5041.25	3235.51	561.33
story	5	164.14	4	23.66	8501.06	388	1566.79	48.75	387.36	9.33	260337.94	34165.8	29529.69	3455.25	1940.16	465.67
study	5	136.48	1	2.08	6824.84	340	1072.34	39.25	179.21	4.67	203996.31	27564.2	11178.98	2164.75	692.91	97.67
stuff	5	63.06	4	36.34	5410.58	227.6	1011.47	31.5	132.19	5.67	192697.76	24661.4	11394.97	2219.25	570.44	145.67
style	5	89.54	4	4.66	9758.67	329	1373.17	36.75	89.54	1	285397.89	38196	16663.07	3296.5	163.43	49.33
sugar	5	55.92	0	0	7004.54	340.4	320.15	19.25	60.48	1.33	218065.1	33457.2	13026.27	1961.5	350.47	81.33
table	5	211.91	4	3.99	11524.98	409.4	832.04	33	237.22	5.67	306319.59	36704.2	14392.04	3036.5	2862.36	675.67
taken	5	343.99	5	25.8	10186.12	461.4	1319.31	43.75	526.59	10.33	322621.91	37509.2	18726.3	2797	1801.34	157
takes	5	118.15	17	34.91	11808.17	731.6	1680.73	117.25	532.82	17.33	318023.63	39905.2	16598.66	4237	1730.72	164.33
taste	5	58.78	6	14.2	10323.38	437.6	921.81	47	135.76	8.33	390234.05	46534.2	28617.52	4957.5	2400.97	565.33
tears	5	58.72	14	71.54	12054.87	636.2	2153.32	67.5	954.05	16	360376.34	46761.6	26227.94	4624.5	2922.13	289.67
teeth	5	82.1	1	10.53	10412.3	343	825.77	36.25	88.25	2.67	414330.73	43157.8	47314.02	3366.25	1269	161.33
terms	5	154.62	5	4.88	9633.34	582.6	526.63	42.5	216.73	6.33	304564.11	41334.2	26440.7	5009.75	3816.14	853.33
thank	5	69.49	3	267.28	11851.94	306.2	3472.52	46.25	100.11	8.33	267305.54	27293.8	57937.06	2530.25	6097.57	223.33
their	5	2947.33	0	0	13663.72	272.6	6437.62	20.75	4444.17	3	341300.98	40368.4	64964.25	1668.75	30509.22	218.33
there	5	3232.06	4	571.26	15917.27	335.4	7335.19	38.25	5323.83	4.33	384473.02	43385.2	91548.81	5752.5	38392.16	688.33
these	5	1223.29	3	1375.04	15509.88	326.4	6414.58	39.75	3317.43	4.33	388638.4	45687.4	76911.51	5027.75	30076.51	425
thick	5	67.88	3	274.36	12126.63	258.4	5637.41	40	1733.84	7.67	218018.88	25343	44955.31	2345.5	4789.58	274
thing	5	451.31	5	161.61	12825.38	270	6515.73	52.25	1891.49	14.67	262610.09	30918.4	68033.13	6212.25	15085.72	2610.33
think	5	800.3	6	98.75	12564.75	285.4	5784.17	50.75	1278.96	10.33	252034.67	28595.2	59577.02	4348	5663.49	330.67
third	5	197.46	0	0	14418.41	320.8	4604.92	34.75	665.05	6.33	270326.31	31910	43110.96	1595.5	3421.96	142.67
those	5	866.22	4	371.77	14689.56	341.2	4702.59	42.75	1145.47	6.33	349006.36	39655	45966.86	2249.25	2844.9	200
three	5	629.61	1	49.97	16252.31	484.8	3304.64	33.25	703.74	4.67	384473.02	43385.2	50557.39	2763.25	1960.35	187
times	5	347.62	12	1.87	11938.27	691.2	1513.76	108.25	485.96	10	317069.32	43140.4	26580.54	6103.25	2576.83	219.67
tired	5	70.26	9	6.56	12662.26	505.4	1554.65	97	143.93	12.67	325642.67	42125.4	34988.52	6023	2173.73	394.67
today	5	224.7	2	0.06	9409.58	392.4	413.46	27.25	225.04	2.67	268651.21	28733	14773.36	1169	825.36	37.33
total	5	138.38	1	1.07	9768.12	340.6	695.19	37.75	175.8	4.33	331864.54	36197.4	25187.42	2953.75	901.49	197.67
touch	5	97.87	4	14.4	11707.02	334.2	3404.8	51.5	120.22	3.33	238912.6	25008.2	25899.9	2227.25	993.73	104.67
trade	5	162.65	2	20.44	11294	393.8	841.18	53	250.33	7.67	340913.54	40824	16530.57	3482.75	2304.69	519
train	5	74.43	6	22.76	9408.5	333.6	1281.44	54.75	554.73	11.33	321802.58	41348.8	30499.02	5593.75	3539.76	603.33
trees	5	125.29	6	4.7	14118.58	706.8	1968.76	123.5	260.9	9.67	388277.52	51079.8	30373.95	5847.75	1719.5	280
trial	5	57.05	2	0.89	9520.59	321	1048.38	51.5	160.97	7.67	298466.83	39440.4	17353.87	3724.75	2022.61	508.67
tried	5	215.07	8	14.52	13746.16	493.6	1586.39	106.5	363.54	14.67	325642.67	42125.4	20760.49	4757.5	2258.33	521.33
trust	5	68.06	3	2.74	10459.89	299.8	1199.82	40.5	156.33	6.33	281781.72	37030.8	16469.08	3320.5	1855.54	296.67
truth	5	130.59	1	0.12	8946.88	302.8	1032.14	39.25	319.5	5.67	277977.23	29336.2	39916.4	1911.25	822.96	149.33
twice	5	77.7	2	1.22	11719.61	309.4	1659.42	24.75	221.11	5.67	285571.96	35530.8	13134.36	1773.75	1010.64	132.33
uncle	5	61.58	0	0	7529.62	228.2	842.71	17.5	70.94	1.67	242517.61	34564.4	13831.26	2781.5	980.92	200.67
under	5	569.05	1	1.13	7361.36	303.4	2717.73	67.75	740.39	6.67	267044.42	36277.2	36396.9	5120.75	4025.4	827.33
union	5	197.75	1	10.05	5545.9	196.2	570.13	20	229.94	3.33	263978.67	35592.6	21733.4	3935.25	5638.31	1074.67
until	5	464.76	0	0	4142.87	157	786.93	15.25	464.76	1	254455.41	34666.2	22165.29	4501.5	2380.54	441.33
upper	5	56.76	1	0.3	6894.62	295.6	2016.98	62.75	119.03	5	207848.74	30753.6	22454.02	3839.5	2479.12	492
using	5	128.92	0	0	6416.66	177.6	2277.22	33.75	1012.25	8	211557.89	34664.8	36917.68	6553.5	11185.83	2577.67
usual	5	106.49	0	0	4525.81	157.8	455.95	17.5	127.65	2	210271.31	31812.6	14822.34	2399.25	988.21	92
value	5	113.16	3	9.68	7235.35	368.2	313.12	24.25	119.62	3	246428.57	31764.2	10190.28	1864	510.96	108.67
visit	5	102.21	0	0	6102.9	261.4	338.5	24	104.87	2.33	261579.82	38301.4	23765.23	3056	1360.16	239.67
voice	5	241.9	1	0.3	12542.51	397.6	2090.89	26.75	316.52	4	261521.85	34688	10324.12	1789.75	1171.18	115.67
walls	5	81.74	12	14.93	10425.2	626.2	869.59	77.75	278.94	21.33	215581.21	31277.6	19145.03	2522.75	3851.42	529
wants	5	106.08	10	2.79	9336.23	645.4	842.06	90.5	138.32	12.67	283346.74	34960.8	30748.51	3492.75	2607.23	552
waste	5	63.84	5	15.42	10005.76	413	959.44	47	131.99	8.33	330260.34	39877.6	29873.77	4443.5	6080.15	561.67
watch	5	110.6	8	22.42	8513.32	311	1819.15	52	403.74	11.33	245526.46	24014	21160.59	2890.25	945.26	232.33
water	5	447.86	8	55.15	11659.74	480.6	3313.48	93	1312.63	16	326094.96	37575.4	40984.59	6740.75	6161.11	1587.33
weeks	5	156.41	6	4.58	10807.75	557.6	584.26	52	170.7	5.67	285951.1	37566.8	8121.98	767.75	780.64	60.33
where	5	1034.58	2	1618.65	15599.65	310.8	6192.91	37.5	3209.32	4	324499.32	36728.6	64495.04	5344.5	11394.13	528
which	5	3330.76	0	0	12584.92	243.8	5308.79	45	3704.26	5.67	200758.78	20150.4	20926.37	2179.75	4006.64	116.33
while	5	640.68	5	159.86	16140.98	340.2	4315.83	44.75	2076.97	8	266755.19	31709.6	22327.01	2576.25	2987.47	208.33
white	5	383.85	3	252.61	14761.7	351.2	3971.21	39.75	1941.41	8	311184.98	33484.4	29892.27	3352	2729.69	219.33
whole	5	399.85	5	176.27	15315.65	334.2	2698.74	34.5	481.87	4.33	270295.19	28694	18999.7	2460	2747.28	198.67
whose	5	229.28	5	261.19	14371.94	316.6	3560.31	42	1066.43	7.33	289032.66	32998.4	18913.09	1841.25	3377.37	146.67
woman	5	347.26	2	280.63	9247.45	304.6	2131.51	25.25	651.25	4.33	237332.72	26754	27155.26	2701.25	2108.21	319.33
women	5	520.8	3	120.35	11931.6	441.8	2519.83	35	716.39	6.33	265233.89	31072.2	25033.91	2830.5	4730.11	515
words	5	261	9	18.1	11411.85	604.2	2450.57	54	722.42	10.33	217697.1	29932.4	14239.14	1694.75	2216.64	249
works	5	89.24	4	69.03	11233.77	610.2	2229	63	558.95	10	190641.8	26711.4	12907.52	1457.5	1875.17	179.67
world	5	739.2	1	2913.48	13029.95	397.2	3796.43	31.5	969.47	4	198959.63	25628	15394.26	1421.5	1709.94	106
worry	5	75.32	4	27.95	11143.39	418.2	2373.87	41.5	683.31	10	196198.85	25207	14663.54	1632.25	1638.73	175
worse	5	94.24	6	25.26	13590.11	415	3378.01	49.25	643.51	10.33	288671.77	38390.8	22037.1	2906.5	2184.26	328.67
worst	5	60.8	2	47.21	12033.71	368	2859.06	43	995.87	8.33	262852.22	33340.4	23446.14	3689.75	2165.46	280.67
worth	5	99.11	2	94.12	10520.7	371	2647.61	43.25	775.09	9.67	259047.73	25645.8	45908.72	2072.25	2761.04	335
would	5	2913.48	4	670.54	13441.59	370.6	6221	32.5	4205.45	4	173960.63	21452.4	18522.75	1555	4994.14	45
write	5	113.27	4	128.5	12305.43	386.4	1286.52	46	437.95	6	310824.09	38876.8	23203.23	4131.25	1929.83	295
wrong	5	197.93	3	1.67	9226.16	274.6	1976.78	46	535.47	7	205815.5	26638.6	26616.45	4655.5	1423.7	211
wrote	5	128.27	2	56.67	11480.1	380.4	1107.29	45.75	201.2	4.67	314364.09	35861.2	17988.35	3221.25	772.08	156.67
yards	5	53.96	5	8.31	7173.27	585.6	1031.04	56.25	202.69	8	226913.68	32472	10847.25	1764.5	1456.66	293.33
years	5	899.53	12	11.73	9361.53	580.6	2238.09	60.5	1214.88	15.33	297888.35	40930.4	18853.28	2811	3078.97	252
young	5	446.79	0	0	8936.52	280.2	3696.99	41.75	909.68	7.67	178302.22	23288.4	25038.85	3469	4894.83	220
youth	5	63.48	3	112.48	8556.62	313.4	2807.14	36.5	511.5	6.33	231534.45	22295.6	48539.37	1728.25	5562.53	213.33
